dataset,axis,group,pair,tau
dropout,entre_folds,random_forest|shap,0-1,0.942857142857143
dropout,entre_folds,random_forest|shap,0-2,0.9460317460317461
dropout,entre_folds,random_forest|shap,0-3,0.9301587301587303
dropout,entre_folds,random_forest|shap,0-4,0.9460317460317461
dropout,entre_folds,random_forest|shap,0-5,0.9301587301587303
dropout,entre_folds,random_forest|shap,0-6,0.942857142857143
dropout,entre_folds,random_forest|shap,0-7,0.942857142857143
dropout,entre_folds,random_forest|shap,0-8,0.9365079365079366
dropout,entre_folds,random_forest|shap,0-9,0.9206349206349207
dropout,entre_folds,random_forest|shap,1-2,0.9523809523809526
dropout,entre_folds,random_forest|shap,1-3,0.9301587301587303
dropout,entre_folds,random_forest|shap,1-4,0.9523809523809526
dropout,entre_folds,random_forest|shap,1-5,0.9301587301587303
dropout,entre_folds,random_forest|shap,1-6,0.923809523809524
dropout,entre_folds,random_forest|shap,1-7,0.942857142857143
dropout,entre_folds,random_forest|shap,1-8,0.9365079365079366
dropout,entre_folds,random_forest|shap,1-9,0.9206349206349207
dropout,entre_folds,random_forest|shap,2-3,0.9460317460317461
dropout,entre_folds,random_forest|shap,2-4,0.9555555555555556
dropout,entre_folds,random_forest|shap,2-5,0.9523809523809526
dropout,entre_folds,random_forest|shap,2-6,0.926984126984127
dropout,entre_folds,random_forest|shap,2-7,0.9460317460317461
dropout,entre_folds,random_forest|shap,2-8,0.9587301587301589
dropout,entre_folds,random_forest|shap,2-9,0.9365079365079366
dropout,entre_folds,random_forest|shap,3-4,0.9333333333333333
dropout,entre_folds,random_forest|shap,3-5,0.942857142857143
dropout,entre_folds,random_forest|shap,3-6,0.9111111111111112
dropout,entre_folds,random_forest|shap,3-7,0.9365079365079366
dropout,entre_folds,random_forest|shap,3-8,0.9492063492063493
dropout,entre_folds,random_forest|shap,3-9,0.9587301587301589
dropout,entre_folds,random_forest|shap,4-5,0.9460317460317461
dropout,entre_folds,random_forest|shap,4-6,0.9206349206349207
dropout,entre_folds,random_forest|shap,4-7,0.9460317460317461
dropout,entre_folds,random_forest|shap,4-8,0.9460317460317461
dropout,entre_folds,random_forest|shap,4-9,0.9365079365079366
dropout,entre_folds,random_forest|shap,5-6,0.9174603174603175
dropout,entre_folds,random_forest|shap,5-7,0.9492063492063493
dropout,entre_folds,random_forest|shap,5-8,0.9301587301587303
dropout,entre_folds,random_forest|shap,5-9,0.9396825396825398
dropout,entre_folds,random_forest|shap,6-7,0.923809523809524
dropout,entre_folds,random_forest|shap,6-8,0.9301587301587303
dropout,entre_folds,random_forest|shap,6-9,0.907936507936508
dropout,entre_folds,random_forest|shap,7-8,0.942857142857143
dropout,entre_folds,random_forest|shap,7-9,0.9333333333333333
dropout,entre_folds,random_forest|shap,8-9,0.926984126984127
dropout,entre_folds,random_forest|lime,0-1,0.8730158730158731
dropout,entre_folds,random_forest|lime,0-2,0.8698412698412699
dropout,entre_folds,random_forest|lime,0-3,0.8920634920634921
dropout,entre_folds,random_forest|lime,0-4,0.8888888888888891
dropout,entre_folds,random_forest|lime,0-5,0.8634920634920635
dropout,entre_folds,random_forest|lime,0-6,0.8380952380952382
dropout,entre_folds,random_forest|lime,0-7,0.8666666666666668
dropout,entre_folds,random_forest|lime,0-8,0.8603174603174605
dropout,entre_folds,random_forest|lime,0-9,0.8095238095238096
dropout,entre_folds,random_forest|lime,1-2,0.819047619047619
dropout,entre_folds,random_forest|lime,1-3,0.8666666666666668
dropout,entre_folds,random_forest|lime,1-4,0.8888888888888891
dropout,entre_folds,random_forest|lime,1-5,0.8507936507936509
dropout,entre_folds,random_forest|lime,1-6,0.8
dropout,entre_folds,random_forest|lime,1-7,0.8857142857142858
dropout,entre_folds,random_forest|lime,1-8,0.8476190476190476
dropout,entre_folds,random_forest|lime,1-9,0.8285714285714286
dropout,entre_folds,random_forest|lime,2-3,0.8507936507936509
dropout,entre_folds,random_forest|lime,2-4,0.8730158730158731
dropout,entre_folds,random_forest|lime,2-5,0.8603174603174605
dropout,entre_folds,random_forest|lime,2-6,0.8920634920634921
dropout,entre_folds,random_forest|lime,2-7,0.8634920634920635
dropout,entre_folds,random_forest|lime,2-8,0.907936507936508
dropout,entre_folds,random_forest|lime,2-9,0.8380952380952382
dropout,entre_folds,random_forest|lime,3-4,0.8825396825396826
dropout,entre_folds,random_forest|lime,3-5,0.8380952380952382
dropout,entre_folds,random_forest|lime,3-6,0.7936507936507937
dropout,entre_folds,random_forest|lime,3-7,0.8539682539682542
dropout,entre_folds,random_forest|lime,3-8,0.8539682539682542
dropout,entre_folds,random_forest|lime,3-9,0.8793650793650795
dropout,entre_folds,random_forest|lime,4-5,0.8539682539682542
dropout,entre_folds,random_forest|lime,4-6,0.8539682539682542
dropout,entre_folds,random_forest|lime,4-7,0.9015873015873017
dropout,entre_folds,random_forest|lime,4-8,0.8634920634920635
dropout,entre_folds,random_forest|lime,4-9,0.8698412698412699
dropout,entre_folds,random_forest|lime,5-6,0.834920634920635
dropout,entre_folds,random_forest|lime,5-7,0.8380952380952382
dropout,entre_folds,random_forest|lime,5-8,0.8761904761904762
dropout,entre_folds,random_forest|lime,5-9,0.8571428571428572
dropout,entre_folds,random_forest|lime,6-7,0.8571428571428572
dropout,entre_folds,random_forest|lime,6-8,0.8507936507936509
dropout,entre_folds,random_forest|lime,6-9,0.7873015873015874
dropout,entre_folds,random_forest|lime,7-8,0.8793650793650795
dropout,entre_folds,random_forest|lime,7-9,0.8412698412698413
dropout,entre_folds,random_forest|lime,8-9,0.834920634920635
dropout,entre_folds,random_forest|permutation,0-1,0.6285714285714287
dropout,entre_folds,random_forest|permutation,0-2,0.6126984126984127
dropout,entre_folds,random_forest|permutation,0-3,0.5174603174603175
dropout,entre_folds,random_forest|permutation,0-4,0.6984126984126985
dropout,entre_folds,random_forest|permutation,0-5,0.6571428571428573
dropout,entre_folds,random_forest|permutation,0-6,0.5777777777777778
dropout,entre_folds,random_forest|permutation,0-7,0.6952380952380953
dropout,entre_folds,random_forest|permutation,0-8,0.6730158730158731
dropout,entre_folds,random_forest|permutation,0-9,0.5587301587301587
dropout,entre_folds,random_forest|permutation,1-2,0.6984126984126985
dropout,entre_folds,random_forest|permutation,1-3,0.6539682539682541
dropout,entre_folds,random_forest|permutation,1-4,0.7333333333333335
dropout,entre_folds,random_forest|permutation,1-5,0.6857142857142857
dropout,entre_folds,random_forest|permutation,1-6,0.6190476190476191
dropout,entre_folds,random_forest|permutation,1-7,0.6412698412698413
dropout,entre_folds,random_forest|permutation,1-8,0.6825396825396827
dropout,entre_folds,random_forest|permutation,1-9,0.6444444444444445
dropout,entre_folds,random_forest|permutation,2-3,0.5047619047619047
dropout,entre_folds,random_forest|permutation,2-4,0.6603174603174604
dropout,entre_folds,random_forest|permutation,2-5,0.6952380952380953
dropout,entre_folds,random_forest|permutation,2-6,0.634920634920635
dropout,entre_folds,random_forest|permutation,2-7,0.6825396825396827
dropout,entre_folds,random_forest|permutation,2-8,0.7619047619047621
dropout,entre_folds,random_forest|permutation,2-9,0.5650793650793651
dropout,entre_folds,random_forest|permutation,3-4,0.6539682539682541
dropout,entre_folds,random_forest|permutation,3-5,0.5682539682539683
dropout,entre_folds,random_forest|permutation,3-6,0.6222222222222223
dropout,entre_folds,random_forest|permutation,3-7,0.46031746031746035
dropout,entre_folds,random_forest|permutation,3-8,0.5841269841269842
dropout,entre_folds,random_forest|permutation,3-9,0.6920634920634922
dropout,entre_folds,random_forest|permutation,4-5,0.7111111111111112
dropout,entre_folds,random_forest|permutation,4-6,0.7333333333333335
dropout,entre_folds,random_forest|permutation,4-7,0.634920634920635
dropout,entre_folds,random_forest|permutation,4-8,0.6825396825396827
dropout,entre_folds,random_forest|permutation,4-9,0.6380952380952382
dropout,entre_folds,random_forest|permutation,5-6,0.6031746031746033
dropout,entre_folds,random_forest|permutation,5-7,0.6317460317460318
dropout,entre_folds,random_forest|permutation,5-8,0.7492063492063492
dropout,entre_folds,random_forest|permutation,5-9,0.5714285714285715
dropout,entre_folds,random_forest|permutation,6-7,0.5206349206349207
dropout,entre_folds,random_forest|permutation,6-8,0.580952380952381
dropout,entre_folds,random_forest|permutation,6-9,0.5555555555555556
dropout,entre_folds,random_forest|permutation,7-8,0.6730158730158731
dropout,entre_folds,random_forest|permutation,7-9,0.5904761904761905
dropout,entre_folds,random_forest|permutation,8-9,0.6000000000000001
dropout,entre_folds,gradient_boosting|shap,0-1,0.9206349206349207
dropout,entre_folds,gradient_boosting|shap,0-2,0.926984126984127
dropout,entre_folds,gradient_boosting|shap,0-3,0.9396825396825398
dropout,entre_folds,gradient_boosting|shap,0-4,0.9174603174603175
dropout,entre_folds,gradient_boosting|shap,0-5,0.9015873015873017
dropout,entre_folds,gradient_boosting|shap,0-6,0.9142857142857144
dropout,entre_folds,gradient_boosting|shap,0-7,0.9460317460317461
dropout,entre_folds,gradient_boosting|shap,0-8,0.9206349206349207
dropout,entre_folds,gradient_boosting|shap,0-9,0.9206349206349207
dropout,entre_folds,gradient_boosting|shap,1-2,0.9174603174603175
dropout,entre_folds,gradient_boosting|shap,1-3,0.8984126984126984
dropout,entre_folds,gradient_boosting|shap,1-4,0.8825396825396826
dropout,entre_folds,gradient_boosting|shap,1-5,0.9047619047619048
dropout,entre_folds,gradient_boosting|shap,1-6,0.9047619047619048
dropout,entre_folds,gradient_boosting|shap,1-7,0.923809523809524
dropout,entre_folds,gradient_boosting|shap,1-8,0.923809523809524
dropout,entre_folds,gradient_boosting|shap,1-9,0.9365079365079366
dropout,entre_folds,gradient_boosting|shap,2-3,0.8984126984126984
dropout,entre_folds,gradient_boosting|shap,2-4,0.8952380952380954
dropout,entre_folds,gradient_boosting|shap,2-5,0.9047619047619048
dropout,entre_folds,gradient_boosting|shap,2-6,0.923809523809524
dropout,entre_folds,gradient_boosting|shap,2-7,0.942857142857143
dropout,entre_folds,gradient_boosting|shap,2-8,0.923809523809524
dropout,entre_folds,gradient_boosting|shap,2-9,0.9301587301587303
dropout,entre_folds,gradient_boosting|shap,3-4,0.9142857142857144
dropout,entre_folds,gradient_boosting|shap,3-5,0.8920634920634921
dropout,entre_folds,gradient_boosting|shap,3-6,0.9174603174603175
dropout,entre_folds,gradient_boosting|shap,3-7,0.923809523809524
dropout,entre_folds,gradient_boosting|shap,3-8,0.9047619047619048
dropout,entre_folds,gradient_boosting|shap,3-9,0.9047619047619048
dropout,entre_folds,gradient_boosting|shap,4-5,0.9015873015873017
dropout,entre_folds,gradient_boosting|shap,4-6,0.907936507936508
dropout,entre_folds,gradient_boosting|shap,4-7,0.907936507936508
dropout,entre_folds,gradient_boosting|shap,4-8,0.907936507936508
dropout,entre_folds,gradient_boosting|shap,4-9,0.8952380952380954
dropout,entre_folds,gradient_boosting|shap,5-6,0.923809523809524
dropout,entre_folds,gradient_boosting|shap,5-7,0.8984126984126984
dropout,entre_folds,gradient_boosting|shap,5-8,0.8793650793650795
dropout,entre_folds,gradient_boosting|shap,5-9,0.8857142857142858
dropout,entre_folds,gradient_boosting|shap,6-7,0.923809523809524
dropout,entre_folds,gradient_boosting|shap,6-8,0.8857142857142858
dropout,entre_folds,gradient_boosting|shap,6-9,0.9047619047619048
dropout,entre_folds,gradient_boosting|shap,7-8,0.9365079365079366
dropout,entre_folds,gradient_boosting|shap,7-9,0.9174603174603175
dropout,entre_folds,gradient_boosting|shap,8-9,0.923809523809524
dropout,entre_folds,gradient_boosting|lime,0-1,0.6825396825396827
dropout,entre_folds,gradient_boosting|lime,0-2,0.7428571428571429
dropout,entre_folds,gradient_boosting|lime,0-3,0.6952380952380953
dropout,entre_folds,gradient_boosting|lime,0-4,0.7682539682539684
dropout,entre_folds,gradient_boosting|lime,0-5,0.7269841269841271
dropout,entre_folds,gradient_boosting|lime,0-6,0.796825396825397
dropout,entre_folds,gradient_boosting|lime,0-7,0.6571428571428573
dropout,entre_folds,gradient_boosting|lime,0-8,0.7301587301587302
dropout,entre_folds,gradient_boosting|lime,0-9,0.6984126984126985
dropout,entre_folds,gradient_boosting|lime,1-2,0.7873015873015874
dropout,entre_folds,gradient_boosting|lime,1-3,0.7460317460317462
dropout,entre_folds,gradient_boosting|lime,1-4,0.7174603174603176
dropout,entre_folds,gradient_boosting|lime,1-5,0.7015873015873016
dropout,entre_folds,gradient_boosting|lime,1-6,0.7333333333333335
dropout,entre_folds,gradient_boosting|lime,1-7,0.7206349206349206
dropout,entre_folds,gradient_boosting|lime,1-8,0.7365079365079366
dropout,entre_folds,gradient_boosting|lime,1-9,0.7428571428571429
dropout,entre_folds,gradient_boosting|lime,2-3,0.7365079365079366
dropout,entre_folds,gradient_boosting|lime,2-4,0.7523809523809525
dropout,entre_folds,gradient_boosting|lime,2-5,0.7555555555555558
dropout,entre_folds,gradient_boosting|lime,2-6,0.7619047619047621
dropout,entre_folds,gradient_boosting|lime,2-7,0.7365079365079366
dropout,entre_folds,gradient_boosting|lime,2-8,0.7206349206349206
dropout,entre_folds,gradient_boosting|lime,2-9,0.7904761904761907
dropout,entre_folds,gradient_boosting|lime,3-4,0.7301587301587302
dropout,entre_folds,gradient_boosting|lime,3-5,0.6634920634920636
dropout,entre_folds,gradient_boosting|lime,3-6,0.7587301587301588
dropout,entre_folds,gradient_boosting|lime,3-7,0.7206349206349206
dropout,entre_folds,gradient_boosting|lime,3-8,0.7238095238095239
dropout,entre_folds,gradient_boosting|lime,3-9,0.6793650793650794
dropout,entre_folds,gradient_boosting|lime,4-5,0.8126984126984127
dropout,entre_folds,gradient_boosting|lime,4-6,0.7555555555555558
dropout,entre_folds,gradient_boosting|lime,4-7,0.7809523809523811
dropout,entre_folds,gradient_boosting|lime,4-8,0.7587301587301588
dropout,entre_folds,gradient_boosting|lime,4-9,0.7142857142857143
dropout,entre_folds,gradient_boosting|lime,5-6,0.7714285714285715
dropout,entre_folds,gradient_boosting|lime,5-7,0.7587301587301588
dropout,entre_folds,gradient_boosting|lime,5-8,0.7047619047619049
dropout,entre_folds,gradient_boosting|lime,5-9,0.6603174603174604
dropout,entre_folds,gradient_boosting|lime,6-7,0.7396825396825398
dropout,entre_folds,gradient_boosting|lime,6-8,0.6793650793650794
dropout,entre_folds,gradient_boosting|lime,6-9,0.7047619047619049
dropout,entre_folds,gradient_boosting|lime,7-8,0.6984126984126985
dropout,entre_folds,gradient_boosting|lime,7-9,0.7047619047619049
dropout,entre_folds,gradient_boosting|lime,8-9,0.7587301587301588
dropout,entre_folds,gradient_boosting|permutation,0-1,0.3555555555555556
dropout,entre_folds,gradient_boosting|permutation,0-2,0.47936507936507944
dropout,entre_folds,gradient_boosting|permutation,0-3,0.4095238095238095
dropout,entre_folds,gradient_boosting|permutation,0-4,0.4825396825396826
dropout,entre_folds,gradient_boosting|permutation,0-5,0.5301587301587302
dropout,entre_folds,gradient_boosting|permutation,0-6,0.6000000000000001
dropout,entre_folds,gradient_boosting|permutation,0-7,0.6063492063492064
dropout,entre_folds,gradient_boosting|permutation,0-8,0.6317460317460318
dropout,entre_folds,gradient_boosting|permutation,0-9,0.3777777777777779
dropout,entre_folds,gradient_boosting|permutation,1-2,0.42539682539682544
dropout,entre_folds,gradient_boosting|permutation,1-3,0.3174603174603175
dropout,entre_folds,gradient_boosting|permutation,1-4,0.48571428571428577
dropout,entre_folds,gradient_boosting|permutation,1-5,0.4126984126984128
dropout,entre_folds,gradient_boosting|permutation,1-6,0.28571428571428575
dropout,entre_folds,gradient_boosting|permutation,1-7,0.43174603174603177
dropout,entre_folds,gradient_boosting|permutation,1-8,0.48888888888888893
dropout,entre_folds,gradient_boosting|permutation,1-9,0.45079365079365086
dropout,entre_folds,gradient_boosting|permutation,2-3,0.2571428571428572
dropout,entre_folds,gradient_boosting|permutation,2-4,0.4126984126984128
dropout,entre_folds,gradient_boosting|permutation,2-5,0.37142857142857144
dropout,entre_folds,gradient_boosting|permutation,2-6,0.43492063492063493
dropout,entre_folds,gradient_boosting|permutation,2-7,0.4285714285714286
dropout,entre_folds,gradient_boosting|permutation,2-8,0.47936507936507944
dropout,entre_folds,gradient_boosting|permutation,2-9,0.580952380952381
dropout,entre_folds,gradient_boosting|permutation,3-4,0.38730158730158737
dropout,entre_folds,gradient_boosting|permutation,3-5,0.5111111111111112
dropout,entre_folds,gradient_boosting|permutation,3-6,0.5365079365079365
dropout,entre_folds,gradient_boosting|permutation,3-7,0.43492063492063493
dropout,entre_folds,gradient_boosting|permutation,3-8,0.46031746031746035
dropout,entre_folds,gradient_boosting|permutation,3-9,0.4222222222222223
dropout,entre_folds,gradient_boosting|permutation,4-5,0.38095238095238104
dropout,entre_folds,gradient_boosting|permutation,4-6,0.5523809523809524
dropout,entre_folds,gradient_boosting|permutation,4-7,0.4698412698412699
dropout,entre_folds,gradient_boosting|permutation,4-8,0.6476190476190478
dropout,entre_folds,gradient_boosting|permutation,4-9,0.5142857142857143
dropout,entre_folds,gradient_boosting|permutation,5-6,0.5746031746031747
dropout,entre_folds,gradient_boosting|permutation,5-7,0.41587301587301595
dropout,entre_folds,gradient_boosting|permutation,5-8,0.5492063492063493
dropout,entre_folds,gradient_boosting|permutation,5-9,0.37142857142857144
dropout,entre_folds,gradient_boosting|permutation,6-7,0.5555555555555556
dropout,entre_folds,gradient_boosting|permutation,6-8,0.6126984126984127
dropout,entre_folds,gradient_boosting|permutation,6-9,0.4222222222222223
dropout,entre_folds,gradient_boosting|permutation,7-8,0.580952380952381
dropout,entre_folds,gradient_boosting|permutation,7-9,0.4222222222222223
dropout,entre_folds,gradient_boosting|permutation,8-9,0.37142857142857144
dropout,entre_folds,logistic_regression|shap,0-1,0.8222222222222223
dropout,entre_folds,logistic_regression|shap,0-2,0.8507936507936509
dropout,entre_folds,logistic_regression|shap,0-3,0.8571428571428572
dropout,entre_folds,logistic_regression|shap,0-4,0.8412698412698413
dropout,entre_folds,logistic_regression|shap,0-5,0.7936507936507937
dropout,entre_folds,logistic_regression|shap,0-6,0.8095238095238096
dropout,entre_folds,logistic_regression|shap,0-7,0.8063492063492064
dropout,entre_folds,logistic_regression|shap,0-8,0.8285714285714286
dropout,entre_folds,logistic_regression|shap,0-9,0.8222222222222223
dropout,entre_folds,logistic_regression|shap,1-2,0.8444444444444446
dropout,entre_folds,logistic_regression|shap,1-3,0.8380952380952382
dropout,entre_folds,logistic_regression|shap,1-4,0.8285714285714286
dropout,entre_folds,logistic_regression|shap,1-5,0.7809523809523811
dropout,entre_folds,logistic_regression|shap,1-6,0.8603174603174605
dropout,entre_folds,logistic_regression|shap,1-7,0.8253968253968256
dropout,entre_folds,logistic_regression|shap,1-8,0.8222222222222223
dropout,entre_folds,logistic_regression|shap,1-9,0.7841269841269841
dropout,entre_folds,logistic_regression|shap,2-3,0.8539682539682542
dropout,entre_folds,logistic_regression|shap,2-4,0.8126984126984127
dropout,entre_folds,logistic_regression|shap,2-5,0.815873015873016
dropout,entre_folds,logistic_regression|shap,2-6,0.8380952380952382
dropout,entre_folds,logistic_regression|shap,2-7,0.834920634920635
dropout,entre_folds,logistic_regression|shap,2-8,0.8507936507936509
dropout,entre_folds,logistic_regression|shap,2-9,0.8507936507936509
dropout,entre_folds,logistic_regression|shap,3-4,0.8571428571428572
dropout,entre_folds,logistic_regression|shap,3-5,0.8031746031746033
dropout,entre_folds,logistic_regression|shap,3-6,0.8698412698412699
dropout,entre_folds,logistic_regression|shap,3-7,0.8730158730158731
dropout,entre_folds,logistic_regression|shap,3-8,0.8444444444444446
dropout,entre_folds,logistic_regression|shap,3-9,0.8952380952380954
dropout,entre_folds,logistic_regression|shap,4-5,0.8253968253968256
dropout,entre_folds,logistic_regression|shap,4-6,0.8603174603174605
dropout,entre_folds,logistic_regression|shap,4-7,0.8380952380952382
dropout,entre_folds,logistic_regression|shap,4-8,0.8285714285714286
dropout,entre_folds,logistic_regression|shap,4-9,0.8285714285714286
dropout,entre_folds,logistic_regression|shap,5-6,0.8063492063492064
dropout,entre_folds,logistic_regression|shap,5-7,0.8031746031746033
dropout,entre_folds,logistic_regression|shap,5-8,0.8253968253968256
dropout,entre_folds,logistic_regression|shap,5-9,0.7809523809523811
dropout,entre_folds,logistic_regression|shap,6-7,0.8634920634920635
dropout,entre_folds,logistic_regression|shap,6-8,0.796825396825397
dropout,entre_folds,logistic_regression|shap,6-9,0.8476190476190476
dropout,entre_folds,logistic_regression|shap,7-8,0.8
dropout,entre_folds,logistic_regression|shap,7-9,0.8825396825396826
dropout,entre_folds,logistic_regression|shap,8-9,0.8222222222222223
dropout,entre_folds,logistic_regression|lime,0-1,0.923809523809524
dropout,entre_folds,logistic_regression|lime,0-2,0.8888888888888891
dropout,entre_folds,logistic_regression|lime,0-3,0.8698412698412699
dropout,entre_folds,logistic_regression|lime,0-4,0.8888888888888891
dropout,entre_folds,logistic_regression|lime,0-5,0.8793650793650795
dropout,entre_folds,logistic_regression|lime,0-6,0.8952380952380954
dropout,entre_folds,logistic_regression|lime,0-7,0.8952380952380954
dropout,entre_folds,logistic_regression|lime,0-8,0.8603174603174605
dropout,entre_folds,logistic_regression|lime,0-9,0.8857142857142858
dropout,entre_folds,logistic_regression|lime,1-2,0.8761904761904762
dropout,entre_folds,logistic_regression|lime,1-3,0.8507936507936509
dropout,entre_folds,logistic_regression|lime,1-4,0.8952380952380954
dropout,entre_folds,logistic_regression|lime,1-5,0.923809523809524
dropout,entre_folds,logistic_regression|lime,1-6,0.8952380952380954
dropout,entre_folds,logistic_regression|lime,1-7,0.8952380952380954
dropout,entre_folds,logistic_regression|lime,1-8,0.8666666666666668
dropout,entre_folds,logistic_regression|lime,1-9,0.8920634920634921
dropout,entre_folds,logistic_regression|lime,2-3,0.8984126984126984
dropout,entre_folds,logistic_regression|lime,2-4,0.8603174603174605
dropout,entre_folds,logistic_regression|lime,2-5,0.8761904761904762
dropout,entre_folds,logistic_regression|lime,2-6,0.9047619047619048
dropout,entre_folds,logistic_regression|lime,2-7,0.8539682539682542
dropout,entre_folds,logistic_regression|lime,2-8,0.9015873015873017
dropout,entre_folds,logistic_regression|lime,2-9,0.9015873015873017
dropout,entre_folds,logistic_regression|lime,3-4,0.8857142857142858
dropout,entre_folds,logistic_regression|lime,3-5,0.8634920634920635
dropout,entre_folds,logistic_regression|lime,3-6,0.8920634920634921
dropout,entre_folds,logistic_regression|lime,3-7,0.8539682539682542
dropout,entre_folds,logistic_regression|lime,3-8,0.8698412698412699
dropout,entre_folds,logistic_regression|lime,3-9,0.8761904761904762
dropout,entre_folds,logistic_regression|lime,4-5,0.8888888888888891
dropout,entre_folds,logistic_regression|lime,4-6,0.9047619047619048
dropout,entre_folds,logistic_regression|lime,4-7,0.8730158730158731
dropout,entre_folds,logistic_regression|lime,4-8,0.907936507936508
dropout,entre_folds,logistic_regression|lime,4-9,0.926984126984127
dropout,entre_folds,logistic_regression|lime,5-6,0.8825396825396826
dropout,entre_folds,logistic_regression|lime,5-7,0.8888888888888891
dropout,entre_folds,logistic_regression|lime,5-8,0.8730158730158731
dropout,entre_folds,logistic_regression|lime,5-9,0.8793650793650795
dropout,entre_folds,logistic_regression|lime,6-7,0.8984126984126984
dropout,entre_folds,logistic_regression|lime,6-8,0.8888888888888891
dropout,entre_folds,logistic_regression|lime,6-9,0.907936507936508
dropout,entre_folds,logistic_regression|lime,7-8,0.8253968253968256
dropout,entre_folds,logistic_regression|lime,7-9,0.8825396825396826
dropout,entre_folds,logistic_regression|lime,8-9,0.8793650793650795
dropout,entre_folds,logistic_regression|permutation,0-1,0.6317460317460318
dropout,entre_folds,logistic_regression|permutation,0-2,0.6761904761904763
dropout,entre_folds,logistic_regression|permutation,0-3,0.6222222222222223
dropout,entre_folds,logistic_regression|permutation,0-4,0.6380952380952382
dropout,entre_folds,logistic_regression|permutation,0-5,0.6571428571428573
dropout,entre_folds,logistic_regression|permutation,0-6,0.6285714285714287
dropout,entre_folds,logistic_regression|permutation,0-7,0.6063492063492064
dropout,entre_folds,logistic_regression|permutation,0-8,0.6698412698412699
dropout,entre_folds,logistic_regression|permutation,0-9,0.6031746031746033
dropout,entre_folds,logistic_regression|permutation,1-2,0.5746031746031747
dropout,entre_folds,logistic_regression|permutation,1-3,0.5714285714285715
dropout,entre_folds,logistic_regression|permutation,1-4,0.6253968253968255
dropout,entre_folds,logistic_regression|permutation,1-5,0.6380952380952382
dropout,entre_folds,logistic_regression|permutation,1-6,0.5714285714285715
dropout,entre_folds,logistic_regression|permutation,1-7,0.7396825396825398
dropout,entre_folds,logistic_regression|permutation,1-8,0.6507936507936508
dropout,entre_folds,logistic_regression|permutation,1-9,0.5968253968253969
dropout,entre_folds,logistic_regression|permutation,2-3,0.5206349206349207
dropout,entre_folds,logistic_regression|permutation,2-4,0.6000000000000001
dropout,entre_folds,logistic_regression|permutation,2-5,0.5936507936507937
dropout,entre_folds,logistic_regression|permutation,2-6,0.6222222222222223
dropout,entre_folds,logistic_regression|permutation,2-7,0.6253968253968255
dropout,entre_folds,logistic_regression|permutation,2-8,0.6761904761904763
dropout,entre_folds,logistic_regression|permutation,2-9,0.6666666666666667
dropout,entre_folds,logistic_regression|permutation,3-4,0.6158730158730159
dropout,entre_folds,logistic_regression|permutation,3-5,0.6095238095238096
dropout,entre_folds,logistic_regression|permutation,3-6,0.6063492063492064
dropout,entre_folds,logistic_regression|permutation,3-7,0.4571428571428572
dropout,entre_folds,logistic_regression|permutation,3-8,0.634920634920635
dropout,entre_folds,logistic_regression|permutation,3-9,0.5492063492063493
dropout,entre_folds,logistic_regression|permutation,4-5,0.6000000000000001
dropout,entre_folds,logistic_regression|permutation,4-6,0.6476190476190478
dropout,entre_folds,logistic_regression|permutation,4-7,0.6380952380952382
dropout,entre_folds,logistic_regression|permutation,4-8,0.7142857142857143
dropout,entre_folds,logistic_regression|permutation,4-9,0.6920634920634922
dropout,entre_folds,logistic_regression|permutation,5-6,0.7238095238095239
dropout,entre_folds,logistic_regression|permutation,5-7,0.6063492063492064
dropout,entre_folds,logistic_regression|permutation,5-8,0.6063492063492064
dropout,entre_folds,logistic_regression|permutation,5-9,0.5523809523809524
dropout,entre_folds,logistic_regression|permutation,6-7,0.5968253968253969
dropout,entre_folds,logistic_regression|permutation,6-8,0.6285714285714287
dropout,entre_folds,logistic_regression|permutation,6-9,0.5619047619047619
dropout,entre_folds,logistic_regression|permutation,7-8,0.6634920634920636
dropout,entre_folds,logistic_regression|permutation,7-9,0.5968253968253969
dropout,entre_folds,logistic_regression|permutation,8-9,0.7873015873015874
dropout,entre_metodos,random_forest|fold0,shap-lime,0.3301587301587302
dropout,entre_metodos,random_forest|fold0,shap-permutation,0.6920634920634922
dropout,entre_metodos,random_forest|fold0,lime-permutation,0.29523809523809524
dropout,entre_metodos,random_forest|fold1,shap-lime,0.33650793650793653
dropout,entre_metodos,random_forest|fold1,shap-permutation,0.707936507936508
dropout,entre_metodos,random_forest|fold1,lime-permutation,0.4634920634920635
dropout,entre_metodos,random_forest|fold2,shap-lime,0.3238095238095239
dropout,entre_metodos,random_forest|fold2,shap-permutation,0.7333333333333335
dropout,entre_metodos,random_forest|fold2,lime-permutation,0.3047619047619048
dropout,entre_metodos,random_forest|fold3,shap-lime,0.31111111111111117
dropout,entre_metodos,random_forest|fold3,shap-permutation,0.5841269841269842
dropout,entre_metodos,random_forest|fold3,lime-permutation,0.3841269841269842
dropout,entre_metodos,random_forest|fold4,shap-lime,0.3174603174603175
dropout,entre_metodos,random_forest|fold4,shap-permutation,0.7301587301587302
dropout,entre_metodos,random_forest|fold4,lime-permutation,0.41587301587301595
dropout,entre_metodos,random_forest|fold5,shap-lime,0.2888888888888889
dropout,entre_metodos,random_forest|fold5,shap-permutation,0.7365079365079366
dropout,entre_metodos,random_forest|fold5,lime-permutation,0.31111111111111117
dropout,entre_metodos,random_forest|fold6,shap-lime,0.30793650793650795
dropout,entre_metodos,random_forest|fold6,shap-permutation,0.6317460317460318
dropout,entre_metodos,random_forest|fold6,lime-permutation,0.39047619047619053
dropout,entre_metodos,random_forest|fold7,shap-lime,0.28571428571428575
dropout,entre_metodos,random_forest|fold7,shap-permutation,0.6412698412698413
dropout,entre_metodos,random_forest|fold7,lime-permutation,0.3650793650793651
dropout,entre_metodos,random_forest|fold8,shap-lime,0.3555555555555556
dropout,entre_metodos,random_forest|fold8,shap-permutation,0.7841269841269841
dropout,entre_metodos,random_forest|fold8,lime-permutation,0.3238095238095239
dropout,entre_metodos,random_forest|fold9,shap-lime,0.31428571428571433
dropout,entre_metodos,random_forest|fold9,shap-permutation,0.5523809523809524
dropout,entre_metodos,random_forest|fold9,lime-permutation,0.38095238095238104
dropout,entre_metodos,gradient_boosting|fold0,shap-lime,0.14285714285714288
dropout,entre_metodos,gradient_boosting|fold0,shap-permutation,0.6158730158730159
dropout,entre_metodos,gradient_boosting|fold0,lime-permutation,0.09523809523809526
dropout,entre_metodos,gradient_boosting|fold1,shap-lime,0.19682539682539685
dropout,entre_metodos,gradient_boosting|fold1,shap-permutation,0.34920634920634924
dropout,entre_metodos,gradient_boosting|fold1,lime-permutation,0.2761904761904762
dropout,entre_metodos,gradient_boosting|fold2,shap-lime,0.23174603174603176
dropout,entre_metodos,gradient_boosting|fold2,shap-permutation,0.3777777777777779
dropout,entre_metodos,gradient_boosting|fold2,lime-permutation,0.17460317460317462
dropout,entre_metodos,gradient_boosting|fold3,shap-lime,0.13333333333333333
dropout,entre_metodos,gradient_boosting|fold3,shap-permutation,0.5365079365079365
dropout,entre_metodos,gradient_boosting|fold3,lime-permutation,0.15873015873015875
dropout,entre_metodos,gradient_boosting|fold4,shap-lime,0.20317460317460317
dropout,entre_metodos,gradient_boosting|fold4,shap-permutation,0.4222222222222223
dropout,entre_metodos,gradient_boosting|fold4,lime-permutation,0.33650793650793653
dropout,entre_metodos,gradient_boosting|fold5,shap-lime,0.1777777777777778
dropout,entre_metodos,gradient_boosting|fold5,shap-permutation,0.5428571428571429
dropout,entre_metodos,gradient_boosting|fold5,lime-permutation,0.0888888888888889
dropout,entre_metodos,gradient_boosting|fold6,shap-lime,0.18412698412698414
dropout,entre_metodos,gradient_boosting|fold6,shap-permutation,0.6634920634920636
dropout,entre_metodos,gradient_boosting|fold6,lime-permutation,0.27936507936507937
dropout,entre_metodos,gradient_boosting|fold7,shap-lime,0.23492063492063495
dropout,entre_metodos,gradient_boosting|fold7,shap-permutation,0.5365079365079365
dropout,entre_metodos,gradient_boosting|fold7,lime-permutation,0.28571428571428575
dropout,entre_metodos,gradient_boosting|fold8,shap-lime,0.23809523809523814
dropout,entre_metodos,gradient_boosting|fold8,shap-permutation,0.6000000000000001
dropout,entre_metodos,gradient_boosting|fold8,lime-permutation,0.18095238095238098
dropout,entre_metodos,gradient_boosting|fold9,shap-lime,0.2
dropout,entre_metodos,gradient_boosting|fold9,shap-permutation,0.3460317460317461
dropout,entre_metodos,gradient_boosting|fold9,lime-permutation,0.2761904761904762
dropout,entre_metodos,logistic_regression|fold0,shap-lime,0.3682539682539683
dropout,entre_metodos,logistic_regression|fold0,shap-permutation,0.7238095238095239
dropout,entre_metodos,logistic_regression|fold0,lime-permutation,0.3777777777777779
dropout,entre_metodos,logistic_regression|fold1,shap-lime,0.4126984126984128
dropout,entre_metodos,logistic_regression|fold1,shap-permutation,0.6793650793650794
dropout,entre_metodos,logistic_regression|fold1,lime-permutation,0.4095238095238095
dropout,entre_metodos,logistic_regression|fold2,shap-lime,0.43174603174603177
dropout,entre_metodos,logistic_regression|fold2,shap-permutation,0.5936507936507937
dropout,entre_metodos,logistic_regression|fold2,lime-permutation,0.4126984126984128
dropout,entre_metodos,logistic_regression|fold3,shap-lime,0.3746031746031746
dropout,entre_metodos,logistic_regression|fold3,shap-permutation,0.6095238095238096
dropout,entre_metodos,logistic_regression|fold3,lime-permutation,0.453968253968254
dropout,entre_metodos,logistic_regression|fold4,shap-lime,0.4222222222222223
dropout,entre_metodos,logistic_regression|fold4,shap-permutation,0.6539682539682541
dropout,entre_metodos,logistic_regression|fold4,lime-permutation,0.4190476190476191
dropout,entre_metodos,logistic_regression|fold5,shap-lime,0.39047619047619053
dropout,entre_metodos,logistic_regression|fold5,shap-permutation,0.6317460317460318
dropout,entre_metodos,logistic_regression|fold5,lime-permutation,0.39682539682539686
dropout,entre_metodos,logistic_regression|fold6,shap-lime,0.3841269841269842
dropout,entre_metodos,logistic_regression|fold6,shap-permutation,0.6507936507936508
dropout,entre_metodos,logistic_regression|fold6,lime-permutation,0.4222222222222223
dropout,entre_metodos,logistic_regression|fold7,shap-lime,0.3301587301587302
dropout,entre_metodos,logistic_regression|fold7,shap-permutation,0.6063492063492064
dropout,entre_metodos,logistic_regression|fold7,lime-permutation,0.3555555555555556
dropout,entre_metodos,logistic_regression|fold8,shap-lime,0.4571428571428572
dropout,entre_metodos,logistic_regression|fold8,shap-permutation,0.7047619047619049
dropout,entre_metodos,logistic_regression|fold8,lime-permutation,0.47936507936507944
dropout,entre_metodos,logistic_regression|fold9,shap-lime,0.3936507936507937
dropout,entre_metodos,logistic_regression|fold9,shap-permutation,0.6000000000000001
dropout,entre_metodos,logistic_regression|fold9,lime-permutation,0.4126984126984128
dropout,entre_modelos,shap|fold0,random_forest-gradient_boosting,0.7936507936507937
dropout,entre_modelos,shap|fold0,random_forest-logistic_regression,0.5492063492063493
dropout,entre_modelos,shap|fold0,gradient_boosting-logistic_regression,0.4952380952380953
dropout,entre_modelos,shap|fold1,random_forest-gradient_boosting,0.7587301587301588
dropout,entre_modelos,shap|fold1,random_forest-logistic_regression,0.5555555555555556
dropout,entre_modelos,shap|fold1,gradient_boosting-logistic_regression,0.4476190476190477
dropout,entre_modelos,shap|fold2,random_forest-gradient_boosting,0.7746031746031747
dropout,entre_modelos,shap|fold2,random_forest-logistic_regression,0.5238095238095238
dropout,entre_modelos,shap|fold2,gradient_boosting-logistic_regression,0.44444444444444453
dropout,entre_modelos,shap|fold3,random_forest-gradient_boosting,0.7650793650793651
dropout,entre_modelos,shap|fold3,random_forest-logistic_regression,0.5777777777777778
dropout,entre_modelos,shap|fold3,gradient_boosting-logistic_regression,0.5714285714285715
dropout,entre_modelos,shap|fold4,random_forest-gradient_boosting,0.7650793650793651
dropout,entre_modelos,shap|fold4,random_forest-logistic_regression,0.5523809523809524
dropout,entre_modelos,shap|fold4,gradient_boosting-logistic_regression,0.48888888888888893
dropout,entre_modelos,shap|fold5,random_forest-gradient_boosting,0.7650793650793651
dropout,entre_modelos,shap|fold5,random_forest-logistic_regression,0.5587301587301587
dropout,entre_modelos,shap|fold5,gradient_boosting-logistic_regression,0.4571428571428572
dropout,entre_modelos,shap|fold6,random_forest-gradient_boosting,0.7650793650793651
dropout,entre_modelos,shap|fold6,random_forest-logistic_regression,0.5682539682539683
dropout,entre_modelos,shap|fold6,gradient_boosting-logistic_regression,0.47301587301587306
dropout,entre_modelos,shap|fold7,random_forest-gradient_boosting,0.7904761904761907
dropout,entre_modelos,shap|fold7,random_forest-logistic_regression,0.6412698412698413
dropout,entre_modelos,shap|fold7,gradient_boosting-logistic_regression,0.5714285714285715
dropout,entre_modelos,shap|fold8,random_forest-gradient_boosting,0.7650793650793651
dropout,entre_modelos,shap|fold8,random_forest-logistic_regression,0.5174603174603175
dropout,entre_modelos,shap|fold8,gradient_boosting-logistic_regression,0.453968253968254
dropout,entre_modelos,shap|fold9,random_forest-gradient_boosting,0.7492063492063492
dropout,entre_modelos,shap|fold9,random_forest-logistic_regression,0.5968253968253969
dropout,entre_modelos,shap|fold9,gradient_boosting-logistic_regression,0.5619047619047619
dropout,entre_modelos,lime|fold0,random_forest-gradient_boosting,0.5682539682539683
dropout,entre_modelos,lime|fold0,random_forest-logistic_regression,0.580952380952381
dropout,entre_modelos,lime|fold0,gradient_boosting-logistic_regression,0.5365079365079365
dropout,entre_modelos,lime|fold1,random_forest-gradient_boosting,0.6253968253968255
dropout,entre_modelos,lime|fold1,random_forest-logistic_regression,0.6253968253968255
dropout,entre_modelos,lime|fold1,gradient_boosting-logistic_regression,0.46031746031746035
dropout,entre_modelos,lime|fold2,random_forest-gradient_boosting,0.5746031746031747
dropout,entre_modelos,lime|fold2,random_forest-logistic_regression,0.5873015873015873
dropout,entre_modelos,lime|fold2,gradient_boosting-logistic_regression,0.4984126984126985
dropout,entre_modelos,lime|fold3,random_forest-gradient_boosting,0.5746031746031747
dropout,entre_modelos,lime|fold3,random_forest-logistic_regression,0.5841269841269842
dropout,entre_modelos,lime|fold3,gradient_boosting-logistic_regression,0.4380952380952381
dropout,entre_modelos,lime|fold4,random_forest-gradient_boosting,0.6000000000000001
dropout,entre_modelos,lime|fold4,random_forest-logistic_regression,0.6190476190476191
dropout,entre_modelos,lime|fold4,gradient_boosting-logistic_regression,0.5238095238095238
dropout,entre_modelos,lime|fold5,random_forest-gradient_boosting,0.6285714285714287
dropout,entre_modelos,lime|fold5,random_forest-logistic_regression,0.6095238095238096
dropout,entre_modelos,lime|fold5,gradient_boosting-logistic_regression,0.580952380952381
dropout,entre_modelos,lime|fold6,random_forest-gradient_boosting,0.5650793650793651
dropout,entre_modelos,lime|fold6,random_forest-logistic_regression,0.5619047619047619
dropout,entre_modelos,lime|fold6,gradient_boosting-logistic_regression,0.42539682539682544
dropout,entre_modelos,lime|fold7,random_forest-gradient_boosting,0.6063492063492064
dropout,entre_modelos,lime|fold7,random_forest-logistic_regression,0.6158730158730159
dropout,entre_modelos,lime|fold7,gradient_boosting-logistic_regression,0.5079365079365079
dropout,entre_modelos,lime|fold8,random_forest-gradient_boosting,0.526984126984127
dropout,entre_modelos,lime|fold8,random_forest-logistic_regression,0.580952380952381
dropout,entre_modelos,lime|fold8,gradient_boosting-logistic_regression,0.4761904761904763
dropout,entre_modelos,lime|fold9,random_forest-gradient_boosting,0.5460317460317461
dropout,entre_modelos,lime|fold9,random_forest-logistic_regression,0.6190476190476191
dropout,entre_modelos,lime|fold9,gradient_boosting-logistic_regression,0.5079365079365079
dropout,entre_modelos,permutation|fold0,random_forest-gradient_boosting,0.5841269841269842
dropout,entre_modelos,permutation|fold0,random_forest-logistic_regression,0.5619047619047619
dropout,entre_modelos,permutation|fold0,gradient_boosting-logistic_regression,0.4380952380952381
dropout,entre_modelos,permutation|fold1,random_forest-gradient_boosting,0.4571428571428572
dropout,entre_modelos,permutation|fold1,random_forest-logistic_regression,0.5015873015873016
dropout,entre_modelos,permutation|fold1,gradient_boosting-logistic_regression,0.4285714285714286
dropout,entre_modelos,permutation|fold2,random_forest-gradient_boosting,0.4571428571428572
dropout,entre_modelos,permutation|fold2,random_forest-logistic_regression,0.46031746031746035
dropout,entre_modelos,permutation|fold2,gradient_boosting-logistic_regression,0.3936507936507937
dropout,entre_modelos,permutation|fold3,random_forest-gradient_boosting,0.48888888888888893
dropout,entre_modelos,permutation|fold3,random_forest-logistic_regression,0.36190476190476195
dropout,entre_modelos,permutation|fold3,gradient_boosting-logistic_regression,0.3396825396825397
dropout,entre_modelos,permutation|fold4,random_forest-gradient_boosting,0.6158730158730159
dropout,entre_modelos,permutation|fold4,random_forest-logistic_regression,0.5206349206349207
dropout,entre_modelos,permutation|fold4,gradient_boosting-logistic_regression,0.4476190476190477
dropout,entre_modelos,permutation|fold5,random_forest-gradient_boosting,0.5333333333333333
dropout,entre_modelos,permutation|fold5,random_forest-logistic_regression,0.453968253968254
dropout,entre_modelos,permutation|fold5,gradient_boosting-logistic_regression,0.3936507936507937
dropout,entre_modelos,permutation|fold6,random_forest-gradient_boosting,0.4031746031746032
dropout,entre_modelos,permutation|fold6,random_forest-logistic_regression,0.5746031746031747
dropout,entre_modelos,permutation|fold6,gradient_boosting-logistic_regression,0.3841269841269842
dropout,entre_modelos,permutation|fold7,random_forest-gradient_boosting,0.5523809523809524
dropout,entre_modelos,permutation|fold7,random_forest-logistic_regression,0.4920634920634921
dropout,entre_modelos,permutation|fold7,gradient_boosting-logistic_regression,0.4
dropout,entre_modelos,permutation|fold8,random_forest-gradient_boosting,0.5682539682539683
dropout,entre_modelos,permutation|fold8,random_forest-logistic_regression,0.4952380952380953
dropout,entre_modelos,permutation|fold8,gradient_boosting-logistic_regression,0.4634920634920635
dropout,entre_modelos,permutation|fold9,random_forest-gradient_boosting,0.5111111111111112
dropout,entre_modelos,permutation|fold9,random_forest-logistic_regression,0.6634920634920636
dropout,entre_modelos,permutation|fold9,gradient_boosting-logistic_regression,0.5174603174603175
german_credit,entre_folds,random_forest|shap,0-1,0.828415300546448
german_credit,entre_folds,random_forest|shap,0-2,0.8109289617486337
german_credit,entre_folds,random_forest|shap,0-3,0.7726775956284152
german_credit,entre_folds,random_forest|shap,0-4,0.7781420765027323
german_credit,entre_folds,random_forest|shap,0-5,0.740983606557377
german_credit,entre_folds,random_forest|shap,0-6,0.7890710382513662
german_credit,entre_folds,random_forest|shap,0-7,0.794535519125683
german_credit,entre_folds,random_forest|shap,0-8,0.785792349726776
german_credit,entre_folds,random_forest|shap,0-9,0.7846994535519125
german_credit,entre_folds,random_forest|shap,1-2,0.8207650273224044
german_credit,entre_folds,random_forest|shap,1-3,0.7737704918032786
german_credit,entre_folds,random_forest|shap,1-4,0.8404371584699453
german_credit,entre_folds,random_forest|shap,1-5,0.785792349726776
german_credit,entre_folds,random_forest|shap,1-6,0.7879781420765027
german_credit,entre_folds,random_forest|shap,1-7,0.8131147540983606
german_credit,entre_folds,random_forest|shap,1-8,0.8459016393442622
german_credit,entre_folds,random_forest|shap,1-9,0.8601092896174862
german_credit,entre_folds,random_forest|shap,2-3,0.7693989071038251
german_credit,entre_folds,random_forest|shap,2-4,0.794535519125683
german_credit,entre_folds,random_forest|shap,2-5,0.7508196721311474
german_credit,entre_folds,random_forest|shap,2-6,0.7573770491803279
german_credit,entre_folds,random_forest|shap,2-7,0.7431693989071038
german_credit,entre_folds,random_forest|shap,2-8,0.8153005464480874
german_credit,entre_folds,random_forest|shap,2-9,0.7748633879781421
german_credit,entre_folds,random_forest|shap,3-4,0.7562841530054645
german_credit,entre_folds,random_forest|shap,3-5,0.7366120218579234
german_credit,entre_folds,random_forest|shap,3-6,0.740983606557377
german_credit,entre_folds,random_forest|shap,3-7,0.7639344262295081
german_credit,entre_folds,random_forest|shap,3-8,0.7770491803278688
german_credit,entre_folds,random_forest|shap,3-9,0.780327868852459
german_credit,entre_folds,random_forest|shap,4-5,0.785792349726776
german_credit,entre_folds,random_forest|shap,4-6,0.8054644808743169
german_credit,entre_folds,random_forest|shap,4-7,0.7715846994535519
german_credit,entre_folds,random_forest|shap,4-8,0.8153005464480874
german_credit,entre_folds,random_forest|shap,4-9,0.8251366120218578
german_credit,entre_folds,random_forest|shap,5-6,0.8032786885245902
german_credit,entre_folds,random_forest|shap,5-7,0.7672131147540984
german_credit,entre_folds,random_forest|shap,5-8,0.7693989071038251
german_credit,entre_folds,random_forest|shap,5-9,0.7989071038251366
german_credit,entre_folds,random_forest|shap,6-7,0.7825136612021857
german_credit,entre_folds,random_forest|shap,6-8,0.7934426229508196
german_credit,entre_folds,random_forest|shap,6-9,0.766120218579235
german_credit,entre_folds,random_forest|shap,7-8,0.766120218579235
german_credit,entre_folds,random_forest|shap,7-9,0.7999999999999998
german_credit,entre_folds,random_forest|shap,8-9,0.8174863387978142
german_credit,entre_folds,random_forest|lime,0-1,0.7879781420765027
german_credit,entre_folds,random_forest|lime,0-2,0.7726775956284152
german_credit,entre_folds,random_forest|lime,0-3,0.73224043715847
german_credit,entre_folds,random_forest|lime,0-4,0.8054644808743169
german_credit,entre_folds,random_forest|lime,0-5,0.6950819672131148
german_credit,entre_folds,random_forest|lime,0-6,0.7726775956284152
german_credit,entre_folds,random_forest|lime,0-7,0.7453551912568306
german_credit,entre_folds,random_forest|lime,0-8,0.7256830601092895
german_credit,entre_folds,random_forest|lime,0-9,0.7704918032786885
german_credit,entre_folds,random_forest|lime,1-2,0.766120218579235
german_credit,entre_folds,random_forest|lime,1-3,0.740983606557377
german_credit,entre_folds,random_forest|lime,1-4,0.7617486338797813
german_credit,entre_folds,random_forest|lime,1-5,0.7191256830601093
german_credit,entre_folds,random_forest|lime,1-6,0.7508196721311474
german_credit,entre_folds,random_forest|lime,1-7,0.6863387978142076
german_credit,entre_folds,random_forest|lime,1-8,0.740983606557377
german_credit,entre_folds,random_forest|lime,1-9,0.8010928961748633
german_credit,entre_folds,random_forest|lime,2-3,0.7387978142076502
german_credit,entre_folds,random_forest|lime,2-4,0.7814207650273224
german_credit,entre_folds,random_forest|lime,2-5,0.7256830601092895
german_credit,entre_folds,random_forest|lime,2-6,0.7005464480874317
german_credit,entre_folds,random_forest|lime,2-7,0.692896174863388
german_credit,entre_folds,random_forest|lime,2-8,0.7672131147540984
german_credit,entre_folds,random_forest|lime,2-9,0.7792349726775956
german_credit,entre_folds,random_forest|lime,3-4,0.7431693989071038
german_credit,entre_folds,random_forest|lime,3-5,0.7442622950819672
german_credit,entre_folds,random_forest|lime,3-6,0.7147540983606556
german_credit,entre_folds,random_forest|lime,3-7,0.6939890710382512
german_credit,entre_folds,random_forest|lime,3-8,0.6896174863387978
german_credit,entre_folds,random_forest|lime,3-9,0.7540983606557378
german_credit,entre_folds,random_forest|lime,4-5,0.740983606557377
german_credit,entre_folds,random_forest|lime,4-6,0.7530054644808742
german_credit,entre_folds,random_forest|lime,4-7,0.760655737704918
german_credit,entre_folds,random_forest|lime,4-8,0.7431693989071038
german_credit,entre_folds,random_forest|lime,4-9,0.8295081967213114
german_credit,entre_folds,random_forest|lime,5-6,0.7431693989071038
german_credit,entre_folds,random_forest|lime,5-7,0.6765027322404371
german_credit,entre_folds,random_forest|lime,5-8,0.6765027322404371
german_credit,entre_folds,random_forest|lime,5-9,0.7540983606557378
german_credit,entre_folds,random_forest|lime,6-7,0.7081967213114754
german_credit,entre_folds,random_forest|lime,6-8,0.7234972677595628
german_credit,entre_folds,random_forest|lime,6-9,0.7442622950819672
german_credit,entre_folds,random_forest|lime,7-8,0.6633879781420765
german_credit,entre_folds,random_forest|lime,7-9,0.7519125683060108
german_credit,entre_folds,random_forest|lime,8-9,0.7213114754098361
german_credit,entre_folds,random_forest|permutation,0-1,0.11147540983606556
german_credit,entre_folds,random_forest|permutation,0-2,-0.04808743169398907
german_credit,entre_folds,random_forest|permutation,0-3,0.09398907103825135
german_credit,entre_folds,random_forest|permutation,0-4,0.1737704918032787
german_credit,entre_folds,random_forest|permutation,0-5,0.16612021857923495
german_credit,entre_folds,random_forest|permutation,0-6,0.08087431693989071
german_credit,entre_folds,random_forest|permutation,0-7,0.307103825136612
german_credit,entre_folds,random_forest|permutation,0-8,0.146448087431694
german_credit,entre_folds,random_forest|permutation,0-9,0.1967213114754098
german_credit,entre_folds,random_forest|permutation,1-2,0.18032786885245902
german_credit,entre_folds,random_forest|permutation,1-3,0.12131147540983606
german_credit,entre_folds,random_forest|permutation,1-4,0.253551912568306
german_credit,entre_folds,random_forest|permutation,1-5,0.18907103825136612
german_credit,entre_folds,random_forest|permutation,1-6,0.32459016393442625
german_credit,entre_folds,random_forest|permutation,1-7,0.1355191256830601
german_credit,entre_folds,random_forest|permutation,1-8,0.23060109289617486
german_credit,entre_folds,random_forest|permutation,1-9,0.24153005464480873
german_credit,entre_folds,random_forest|permutation,2-3,0.06666666666666667
german_credit,entre_folds,random_forest|permutation,2-4,0.15737704918032785
german_credit,entre_folds,random_forest|permutation,2-5,0.18907103825136612
german_credit,entre_folds,random_forest|permutation,2-6,0.009836065573770491
german_credit,entre_folds,random_forest|permutation,2-7,-0.034972677595628415
german_credit,entre_folds,random_forest|permutation,2-8,0.06885245901639345
german_credit,entre_folds,random_forest|permutation,2-9,0.009836065573770491
german_credit,entre_folds,random_forest|permutation,3-4,0.2775956284153005
german_credit,entre_folds,random_forest|permutation,3-5,0.2262295081967213
german_credit,entre_folds,random_forest|permutation,3-6,0.15409836065573768
german_credit,entre_folds,random_forest|permutation,3-7,0.10928961748633878
german_credit,entre_folds,random_forest|permutation,3-8,0.19999999999999996
german_credit,entre_folds,random_forest|permutation,3-9,0.19781420765027322
german_credit,entre_folds,random_forest|permutation,4-5,0.36065573770491804
german_credit,entre_folds,random_forest|permutation,4-6,0.2797814207650273
german_credit,entre_folds,random_forest|permutation,4-7,0.29180327868852457
german_credit,entre_folds,random_forest|permutation,4-8,0.25136612021857924
german_credit,entre_folds,random_forest|permutation,4-9,0.24918032786885247
german_credit,entre_folds,random_forest|permutation,5-6,0.12131147540983606
german_credit,entre_folds,random_forest|permutation,5-7,0.12021857923497266
german_credit,entre_folds,random_forest|permutation,5-8,0.34426229508196715
german_credit,entre_folds,random_forest|permutation,5-9,0.15409836065573768
german_credit,entre_folds,random_forest|permutation,6-7,0.29508196721311475
german_credit,entre_folds,random_forest|permutation,6-8,0.20218579234972675
german_credit,entre_folds,random_forest|permutation,6-9,0.160655737704918
german_credit,entre_folds,random_forest|permutation,7-8,0.16830601092896175
german_credit,entre_folds,random_forest|permutation,7-9,0.1901639344262295
german_credit,entre_folds,random_forest|permutation,8-9,0.3355191256830601
german_credit,entre_folds,gradient_boosting|shap,0-1,0.794535519125683
german_credit,entre_folds,gradient_boosting|shap,0-2,0.7868852459016392
german_credit,entre_folds,gradient_boosting|shap,0-3,0.7475409836065573
german_credit,entre_folds,gradient_boosting|shap,0-4,0.7814207650273224
german_credit,entre_folds,gradient_boosting|shap,0-5,0.7147540983606556
german_credit,entre_folds,gradient_boosting|shap,0-6,0.7519125683060108
german_credit,entre_folds,gradient_boosting|shap,0-7,0.785792349726776
german_credit,entre_folds,gradient_boosting|shap,0-8,0.7617486338797813
german_credit,entre_folds,gradient_boosting|shap,0-9,0.7508196721311474
german_credit,entre_folds,gradient_boosting|shap,1-2,0.8262295081967213
german_credit,entre_folds,gradient_boosting|shap,1-3,0.7825136612021857
german_credit,entre_folds,gradient_boosting|shap,1-4,0.7967213114754097
german_credit,entre_folds,gradient_boosting|shap,1-5,0.7672131147540984
german_credit,entre_folds,gradient_boosting|shap,1-6,0.780327868852459
german_credit,entre_folds,gradient_boosting|shap,1-7,0.7989071038251366
german_credit,entre_folds,gradient_boosting|shap,1-8,0.8054644808743169
german_credit,entre_folds,gradient_boosting|shap,1-9,0.7879781420765027
german_credit,entre_folds,gradient_boosting|shap,2-3,0.7683060109289618
german_credit,entre_folds,gradient_boosting|shap,2-4,0.7519125683060108
german_credit,entre_folds,gradient_boosting|shap,2-5,0.7639344262295081
german_credit,entre_folds,gradient_boosting|shap,2-6,0.7508196721311474
german_credit,entre_folds,gradient_boosting|shap,2-7,0.7934426229508196
german_credit,entre_folds,gradient_boosting|shap,2-8,0.7825136612021857
german_credit,entre_folds,gradient_boosting|shap,2-9,0.7715846994535519
german_credit,entre_folds,gradient_boosting|shap,3-4,0.760655737704918
german_credit,entre_folds,gradient_boosting|shap,3-5,0.7049180327868851
german_credit,entre_folds,gradient_boosting|shap,3-6,0.707103825136612
german_credit,entre_folds,gradient_boosting|shap,3-7,0.7584699453551912
german_credit,entre_folds,gradient_boosting|shap,3-8,0.7956284153005464
german_credit,entre_folds,gradient_boosting|shap,3-9,0.760655737704918
german_credit,entre_folds,gradient_boosting|shap,4-5,0.7781420765027323
german_credit,entre_folds,gradient_boosting|shap,4-6,0.7519125683060108
german_credit,entre_folds,gradient_boosting|shap,4-7,0.7748633879781421
german_credit,entre_folds,gradient_boosting|shap,4-8,0.7595628415300546
german_credit,entre_folds,gradient_boosting|shap,4-9,0.7792349726775956
german_credit,entre_folds,gradient_boosting|shap,5-6,0.7420765027322404
german_credit,entre_folds,gradient_boosting|shap,5-7,0.7650273224043714
german_credit,entre_folds,gradient_boosting|shap,5-8,0.7562841530054645
german_credit,entre_folds,gradient_boosting|shap,5-9,0.7540983606557378
german_credit,entre_folds,gradient_boosting|shap,6-7,0.73224043715847
german_credit,entre_folds,gradient_boosting|shap,6-8,0.7693989071038251
german_credit,entre_folds,gradient_boosting|shap,6-9,0.7540983606557378
german_credit,entre_folds,gradient_boosting|shap,7-8,0.8098360655737705
german_credit,entre_folds,gradient_boosting|shap,7-9,0.7464480874316939
german_credit,entre_folds,gradient_boosting|shap,8-9,0.7792349726775956
german_credit,entre_folds,gradient_boosting|lime,0-1,0.6896174863387978
german_credit,entre_folds,gradient_boosting|lime,0-2,0.6983606557377049
german_credit,entre_folds,gradient_boosting|lime,0-3,0.6612021857923497
german_credit,entre_folds,gradient_boosting|lime,0-4,0.6284153005464481
german_credit,entre_folds,gradient_boosting|lime,0-5,0.7060109289617486
german_credit,entre_folds,gradient_boosting|lime,0-6,0.6010928961748634
german_credit,entre_folds,gradient_boosting|lime,0-7,0.73224043715847
german_credit,entre_folds,gradient_boosting|lime,0-8,0.6655737704918032
german_credit,entre_folds,gradient_boosting|lime,0-9,0.6786885245901639
german_credit,entre_folds,gradient_boosting|lime,1-2,0.6284153005464481
german_credit,entre_folds,gradient_boosting|lime,1-3,0.6524590163934426
german_credit,entre_folds,gradient_boosting|lime,1-4,0.6284153005464481
german_credit,entre_folds,gradient_boosting|lime,1-5,0.6819672131147541
german_credit,entre_folds,gradient_boosting|lime,1-6,0.6579234972677596
german_credit,entre_folds,gradient_boosting|lime,1-7,0.6382513661202185
german_credit,entre_folds,gradient_boosting|lime,1-8,0.5956284153005464
german_credit,entre_folds,gradient_boosting|lime,1-9,0.6896174863387978
german_credit,entre_folds,gradient_boosting|lime,2-3,0.6371584699453552
german_credit,entre_folds,gradient_boosting|lime,2-4,0.6306010928961748
german_credit,entre_folds,gradient_boosting|lime,2-5,0.6688524590163935
german_credit,entre_folds,gradient_boosting|lime,2-6,0.5836065573770491
german_credit,entre_folds,gradient_boosting|lime,2-7,0.6754098360655737
german_credit,entre_folds,gradient_boosting|lime,2-8,0.6743169398907103
german_credit,entre_folds,gradient_boosting|lime,2-9,0.5431693989071038
german_credit,entre_folds,gradient_boosting|lime,3-4,0.6896174863387978
german_credit,entre_folds,gradient_boosting|lime,3-5,0.7278688524590163
german_credit,entre_folds,gradient_boosting|lime,3-6,0.6448087431693988
german_credit,entre_folds,gradient_boosting|lime,3-7,0.6797814207650272
german_credit,entre_folds,gradient_boosting|lime,3-8,0.6939890710382512
german_credit,entre_folds,gradient_boosting|lime,3-9,0.6502732240437158
german_credit,entre_folds,gradient_boosting|lime,4-5,0.6622950819672131
german_credit,entre_folds,gradient_boosting|lime,4-6,0.6251366120218579
german_credit,entre_folds,gradient_boosting|lime,4-7,0.6710382513661202
german_credit,entre_folds,gradient_boosting|lime,4-8,0.6699453551912568
german_credit,entre_folds,gradient_boosting|lime,4-9,0.6699453551912568
german_credit,entre_folds,gradient_boosting|lime,5-6,0.6961748633879781
german_credit,entre_folds,gradient_boosting|lime,5-7,0.6437158469945354
german_credit,entre_folds,gradient_boosting|lime,5-8,0.6644808743169398
german_credit,entre_folds,gradient_boosting|lime,5-9,0.6557377049180327
german_credit,entre_folds,gradient_boosting|lime,6-7,0.5431693989071038
german_credit,entre_folds,gradient_boosting|lime,6-8,0.6448087431693988
german_credit,entre_folds,gradient_boosting|lime,6-9,0.6601092896174864
german_credit,entre_folds,gradient_boosting|lime,7-8,0.6513661202185792
german_credit,entre_folds,gradient_boosting|lime,7-9,0.6295081967213114
german_credit,entre_folds,gradient_boosting|lime,8-9,0.608743169398907
german_credit,entre_folds,gradient_boosting|permutation,0-1,0.027322404371584695
german_credit,entre_folds,gradient_boosting|permutation,0-2,0.004371584699453552
german_credit,entre_folds,gradient_boosting|permutation,0-3,0.1737704918032787
german_credit,entre_folds,gradient_boosting|permutation,0-4,0.1825136612021858
german_credit,entre_folds,gradient_boosting|permutation,0-5,-0.012021857923497267
german_credit,entre_folds,gradient_boosting|permutation,0-6,-0.10491803278688523
german_credit,entre_folds,gradient_boosting|permutation,0-7,0.27213114754098355
german_credit,entre_folds,gradient_boosting|permutation,0-8,0.06229508196721312
german_credit,entre_folds,gradient_boosting|permutation,0-9,-0.005464480874316939
german_credit,entre_folds,gradient_boosting|permutation,1-2,0.2054644808743169
german_credit,entre_folds,gradient_boosting|permutation,1-3,0.15628415300546447
german_credit,entre_folds,gradient_boosting|permutation,1-4,-0.04699453551912568
german_credit,entre_folds,gradient_boosting|permutation,1-5,0.08415300546448087
german_credit,entre_folds,gradient_boosting|permutation,1-6,0.12021857923497266
german_credit,entre_folds,gradient_boosting|permutation,1-7,-0.06010928961748633
german_credit,entre_folds,gradient_boosting|permutation,1-8,0.12131147540983606
german_credit,entre_folds,gradient_boosting|permutation,1-9,0.29180327868852457
german_credit,entre_folds,gradient_boosting|permutation,2-3,0.0
german_credit,entre_folds,gradient_boosting|permutation,2-4,0.20983606557377046
german_credit,entre_folds,gradient_boosting|permutation,2-5,0.16393442622950818
german_credit,entre_folds,gradient_boosting|permutation,2-6,0.1650273224043716
german_credit,entre_folds,gradient_boosting|permutation,2-7,-0.09180327868852459
german_credit,entre_folds,gradient_boosting|permutation,2-8,0.30163934426229505
german_credit,entre_folds,gradient_boosting|permutation,2-9,0.034972677595628415
german_credit,entre_folds,gradient_boosting|permutation,3-4,0.18907103825136612
german_credit,entre_folds,gradient_boosting|permutation,3-5,0.2502732240437158
german_credit,entre_folds,gradient_boosting|permutation,3-6,0.0896174863387978
german_credit,entre_folds,gradient_boosting|permutation,3-7,0.2568306010928962
german_credit,entre_folds,gradient_boosting|permutation,3-8,0.1825136612021858
german_credit,entre_folds,gradient_boosting|permutation,3-9,0.34863387978142074
german_credit,entre_folds,gradient_boosting|permutation,4-5,0.11912568306010929
german_credit,entre_folds,gradient_boosting|permutation,4-6,0.0896174863387978
german_credit,entre_folds,gradient_boosting|permutation,4-7,0.10382513661202186
german_credit,entre_folds,gradient_boosting|permutation,4-8,0.3508196721311475
german_credit,entre_folds,gradient_boosting|permutation,4-9,0.022950819672131147
german_credit,entre_folds,gradient_boosting|permutation,5-6,0.12896174863387977
german_credit,entre_folds,gradient_boosting|permutation,5-7,0.14754098360655737
german_credit,entre_folds,gradient_boosting|permutation,5-8,0.33770491803278685
german_credit,entre_folds,gradient_boosting|permutation,5-9,0.28524590163934427
german_credit,entre_folds,gradient_boosting|permutation,6-7,0.13989071038251366
german_credit,entre_folds,gradient_boosting|permutation,6-8,0.24043715846994532
german_credit,entre_folds,gradient_boosting|permutation,6-9,0.2885245901639344
german_credit,entre_folds,gradient_boosting|permutation,7-8,0.073224043715847
german_credit,entre_folds,gradient_boosting|permutation,7-9,-0.007650273224043716
german_credit,entre_folds,gradient_boosting|permutation,8-9,0.3136612021857923
german_credit,entre_folds,logistic_regression|shap,0-1,0.6710382513661202
german_credit,entre_folds,logistic_regression|shap,0-2,0.7639344262295081
german_credit,entre_folds,logistic_regression|shap,0-3,0.6010928961748634
german_credit,entre_folds,logistic_regression|shap,0-4,0.6863387978142076
german_credit,entre_folds,logistic_regression|shap,0-5,0.6743169398907103
german_credit,entre_folds,logistic_regression|shap,0-6,0.6327868852459015
german_credit,entre_folds,logistic_regression|shap,0-7,0.7103825136612022
german_credit,entre_folds,logistic_regression|shap,0-8,0.6459016393442623
german_credit,entre_folds,logistic_regression|shap,0-9,0.6797814207650272
german_credit,entre_folds,logistic_regression|shap,1-2,0.6535519125683059
german_credit,entre_folds,logistic_regression|shap,1-3,0.6808743169398906
german_credit,entre_folds,logistic_regression|shap,1-4,0.687431693989071
german_credit,entre_folds,logistic_regression|shap,1-5,0.7169398907103824
german_credit,entre_folds,logistic_regression|shap,1-6,0.6491803278688525
german_credit,entre_folds,logistic_regression|shap,1-7,0.6765027322404371
german_credit,entre_folds,logistic_regression|shap,1-8,0.6535519125683059
german_credit,entre_folds,logistic_regression|shap,1-9,0.6830601092896174
german_credit,entre_folds,logistic_regression|shap,2-3,0.6054644808743169
german_credit,entre_folds,logistic_regression|shap,2-4,0.614207650273224
german_credit,entre_folds,logistic_regression|shap,2-5,0.6961748633879781
german_credit,entre_folds,logistic_regression|shap,2-6,0.6021857923497267
german_credit,entre_folds,logistic_regression|shap,2-7,0.6688524590163935
german_credit,entre_folds,logistic_regression|shap,2-8,0.648087431693989
german_credit,entre_folds,logistic_regression|shap,2-9,0.6622950819672131
german_credit,entre_folds,logistic_regression|shap,3-4,0.6327868852459015
german_credit,entre_folds,logistic_regression|shap,3-5,0.6863387978142076
german_credit,entre_folds,logistic_regression|shap,3-6,0.7038251366120218
german_credit,entre_folds,logistic_regression|shap,3-7,0.6218579234972677
german_credit,entre_folds,logistic_regression|shap,3-8,0.6229508196721312
german_credit,entre_folds,logistic_regression|shap,3-9,0.6830601092896174
german_credit,entre_folds,logistic_regression|shap,4-5,0.6994535519125682
german_credit,entre_folds,logistic_regression|shap,4-6,0.6666666666666666
german_credit,entre_folds,logistic_regression|shap,4-7,0.7136612021857923
german_credit,entre_folds,logistic_regression|shap,4-8,0.7366120218579234
german_credit,entre_folds,logistic_regression|shap,4-9,0.7158469945355191
german_credit,entre_folds,logistic_regression|shap,5-6,0.6852459016393442
german_credit,entre_folds,logistic_regression|shap,5-7,0.6907103825136611
german_credit,entre_folds,logistic_regression|shap,5-8,0.707103825136612
german_credit,entre_folds,logistic_regression|shap,5-9,0.7060109289617486
german_credit,entre_folds,logistic_regression|shap,6-7,0.594535519125683
german_credit,entre_folds,logistic_regression|shap,6-8,0.6349726775956284
german_credit,entre_folds,logistic_regression|shap,6-9,0.6819672131147541
german_credit,entre_folds,logistic_regression|shap,7-8,0.6775956284153005
german_credit,entre_folds,logistic_regression|shap,7-9,0.7136612021857923
german_credit,entre_folds,logistic_regression|shap,8-9,0.6863387978142076
german_credit,entre_folds,logistic_regression|lime,0-1,0.7497267759562841
german_credit,entre_folds,logistic_regression|lime,0-2,0.7825136612021857
german_credit,entre_folds,logistic_regression|lime,0-3,0.7573770491803279
german_credit,entre_folds,logistic_regression|lime,0-4,0.7770491803278688
german_credit,entre_folds,logistic_regression|lime,0-5,0.7420765027322404
german_credit,entre_folds,logistic_regression|lime,0-6,0.7584699453551912
german_credit,entre_folds,logistic_regression|lime,0-7,0.8120218579234972
german_credit,entre_folds,logistic_regression|lime,0-8,0.7704918032786885
german_credit,entre_folds,logistic_regression|lime,0-9,0.7497267759562841
german_credit,entre_folds,logistic_regression|lime,1-2,0.7114754098360655
german_credit,entre_folds,logistic_regression|lime,1-3,0.7453551912568306
german_credit,entre_folds,logistic_regression|lime,1-4,0.7300546448087432
german_credit,entre_folds,logistic_regression|lime,1-5,0.7628415300546447
german_credit,entre_folds,logistic_regression|lime,1-6,0.7027322404371584
german_credit,entre_folds,logistic_regression|lime,1-7,0.7344262295081967
german_credit,entre_folds,logistic_regression|lime,1-8,0.6863387978142076
german_credit,entre_folds,logistic_regression|lime,1-9,0.7530054644808742
german_credit,entre_folds,logistic_regression|lime,2-3,0.6994535519125682
german_credit,entre_folds,logistic_regression|lime,2-4,0.7519125683060108
german_credit,entre_folds,logistic_regression|lime,2-5,0.7453551912568306
german_credit,entre_folds,logistic_regression|lime,2-6,0.6939890710382512
german_credit,entre_folds,logistic_regression|lime,2-7,0.7147540983606556
german_credit,entre_folds,logistic_regression|lime,2-8,0.740983606557377
german_credit,entre_folds,logistic_regression|lime,2-9,0.7289617486338797
german_credit,entre_folds,logistic_regression|lime,3-4,0.755191256830601
german_credit,entre_folds,logistic_regression|lime,3-5,0.7442622950819672
german_credit,entre_folds,logistic_regression|lime,3-6,0.7300546448087432
german_credit,entre_folds,logistic_regression|lime,3-7,0.7792349726775956
german_credit,entre_folds,logistic_regression|lime,3-8,0.7508196721311474
german_credit,entre_folds,logistic_regression|lime,3-9,0.7672131147540984
german_credit,entre_folds,logistic_regression|lime,4-5,0.7683060109289618
german_credit,entre_folds,logistic_regression|lime,4-6,0.740983606557377
german_credit,entre_folds,logistic_regression|lime,4-7,0.7967213114754097
german_credit,entre_folds,logistic_regression|lime,4-8,0.8098360655737705
german_credit,entre_folds,logistic_regression|lime,4-9,0.7956284153005464
german_credit,entre_folds,logistic_regression|lime,5-6,0.740983606557377
german_credit,entre_folds,logistic_regression|lime,5-7,0.755191256830601
german_credit,entre_folds,logistic_regression|lime,5-8,0.7333333333333333
german_credit,entre_folds,logistic_regression|lime,5-9,0.7628415300546447
german_credit,entre_folds,logistic_regression|lime,6-7,0.7234972677595628
german_credit,entre_folds,logistic_regression|lime,6-8,0.7125683060109289
german_credit,entre_folds,logistic_regression|lime,6-9,0.7289617486338797
german_credit,entre_folds,logistic_regression|lime,7-8,0.7355191256830601
german_credit,entre_folds,logistic_regression|lime,7-9,0.7846994535519125
german_credit,entre_folds,logistic_regression|lime,8-9,0.7650273224043714
german_credit,entre_folds,logistic_regression|permutation,0-1,-0.12349726775956284
german_credit,entre_folds,logistic_regression|permutation,0-2,0.2743169398907104
german_credit,entre_folds,logistic_regression|permutation,0-3,-0.05573770491803278
german_credit,entre_folds,logistic_regression|permutation,0-4,0.3573770491803278
german_credit,entre_folds,logistic_regression|permutation,0-5,0.06885245901639345
german_credit,entre_folds,logistic_regression|permutation,0-6,0.2502732240437158
german_credit,entre_folds,logistic_regression|permutation,0-7,0.28743169398907104
german_credit,entre_folds,logistic_regression|permutation,0-8,0.10710382513661201
german_credit,entre_folds,logistic_regression|permutation,0-9,0.06120218579234973
german_credit,entre_folds,logistic_regression|permutation,1-2,0.24590163934426226
german_credit,entre_folds,logistic_regression|permutation,1-3,0.2502732240437158
german_credit,entre_folds,logistic_regression|permutation,1-4,0.09289617486338797
german_credit,entre_folds,logistic_regression|permutation,1-5,0.10382513661202186
german_credit,entre_folds,logistic_regression|permutation,1-6,-0.09071038251366119
german_credit,entre_folds,logistic_regression|permutation,1-7,0.13442622950819672
german_credit,entre_folds,logistic_regression|permutation,1-8,0.15300546448087432
german_credit,entre_folds,logistic_regression|permutation,1-9,0.06994535519125683
german_credit,entre_folds,logistic_regression|permutation,2-3,0.11475409836065573
german_credit,entre_folds,logistic_regression|permutation,2-4,0.20437158469945355
german_credit,entre_folds,logistic_regression|permutation,2-5,0.28306010928961745
german_credit,entre_folds,logistic_regression|permutation,2-6,-0.05573770491803278
german_credit,entre_folds,logistic_regression|permutation,2-7,0.0448087431693989
german_credit,entre_folds,logistic_regression|permutation,2-8,0.12021857923497266
german_credit,entre_folds,logistic_regression|permutation,2-9,0.12021857923497266
german_credit,entre_folds,logistic_regression|permutation,3-4,0.23715846994535517
german_credit,entre_folds,logistic_regression|permutation,3-5,0.28743169398907104
german_credit,entre_folds,logistic_regression|permutation,3-6,0.04262295081967213
german_credit,entre_folds,logistic_regression|permutation,3-7,0.10163934426229508
german_credit,entre_folds,logistic_regression|permutation,3-8,0.19453551912568307
german_credit,entre_folds,logistic_regression|permutation,3-9,0.25136612021857924
german_credit,entre_folds,logistic_regression|permutation,4-5,0.2240437158469945
german_credit,entre_folds,logistic_regression|permutation,4-6,0.34207650273224044
german_credit,entre_folds,logistic_regression|permutation,4-7,0.4273224043715847
german_credit,entre_folds,logistic_regression|permutation,4-8,0.3519125683060109
german_credit,entre_folds,logistic_regression|permutation,4-9,0.2972677595628415
german_credit,entre_folds,logistic_regression|permutation,5-6,0.027322404371584695
german_credit,entre_folds,logistic_regression|permutation,5-7,0.07103825136612021
german_credit,entre_folds,logistic_regression|permutation,5-8,0.2054644808743169
german_credit,entre_folds,logistic_regression|permutation,5-9,0.35628415300546445
german_credit,entre_folds,logistic_regression|permutation,6-7,0.2743169398907104
german_credit,entre_folds,logistic_regression|permutation,6-8,0.2426229508196721
german_credit,entre_folds,logistic_regression|permutation,6-9,0.18579234972677594
german_credit,entre_folds,logistic_regression|permutation,7-8,0.4043715846994535
german_credit,entre_folds,logistic_regression|permutation,7-9,0.2054644808743169
german_credit,entre_folds,logistic_regression|permutation,8-9,0.2349726775956284
german_credit,entre_metodos,random_forest|fold0,shap-lime,0.4710382513661202
german_credit,entre_metodos,random_forest|fold0,shap-permutation,0.2327868852459016
german_credit,entre_metodos,random_forest|fold0,lime-permutation,0.1519125683060109
german_credit,entre_metodos,random_forest|fold1,shap-lime,0.47431693989071033
german_credit,entre_metodos,random_forest|fold1,shap-permutation,0.32021857923497266
german_credit,entre_metodos,random_forest|fold1,lime-permutation,0.23169398907103822
german_credit,entre_metodos,random_forest|fold2,shap-lime,0.4349726775956284
german_credit,entre_metodos,random_forest|fold2,shap-permutation,0.04262295081967213
german_credit,entre_metodos,random_forest|fold2,lime-permutation,-0.002185792349726776
german_credit,entre_metodos,random_forest|fold3,shap-lime,0.4546448087431693
german_credit,entre_metodos,random_forest|fold3,shap-permutation,0.23825136612021858
german_credit,entre_metodos,random_forest|fold3,lime-permutation,0.22841530054644807
german_credit,entre_metodos,random_forest|fold4,shap-lime,0.46775956284153003
german_credit,entre_metodos,random_forest|fold4,shap-permutation,0.46120218579234973
german_credit,entre_metodos,random_forest|fold4,lime-permutation,0.28743169398907104
german_credit,entre_metodos,random_forest|fold5,shap-lime,0.43606557377049177
german_credit,entre_metodos,random_forest|fold5,shap-permutation,0.2633879781420765
german_credit,entre_metodos,random_forest|fold5,lime-permutation,0.13661202185792348
german_credit,entre_metodos,random_forest|fold6,shap-lime,0.45027322404371584
german_credit,entre_metodos,random_forest|fold6,shap-permutation,0.38579234972677595
german_credit,entre_metodos,random_forest|fold6,lime-permutation,0.17486338797814205
german_credit,entre_metodos,random_forest|fold7,shap-lime,0.42185792349726775
german_credit,entre_metodos,random_forest|fold7,shap-permutation,0.3355191256830601
german_credit,entre_metodos,random_forest|fold7,lime-permutation,0.23169398907103822
german_credit,entre_metodos,random_forest|fold8,shap-lime,0.4896174863387978
german_credit,entre_metodos,random_forest|fold8,shap-permutation,0.2819672131147541
german_credit,entre_metodos,random_forest|fold8,lime-permutation,0.2786885245901639
german_credit,entre_metodos,random_forest|fold9,shap-lime,0.448087431693989
german_credit,entre_metodos,random_forest|fold9,shap-permutation,0.2961748633879781
german_credit,entre_metodos,random_forest|fold9,lime-permutation,0.253551912568306
german_credit,entre_metodos,gradient_boosting|fold0,shap-lime,0.3551912568306011
german_credit,entre_metodos,gradient_boosting|fold0,shap-permutation,0.19781420765027322
german_credit,entre_metodos,gradient_boosting|fold0,lime-permutation,0.051366120218579225
german_credit,entre_metodos,gradient_boosting|fold1,shap-lime,0.4010928961748634
german_credit,entre_metodos,gradient_boosting|fold1,shap-permutation,0.08852459016393442
german_credit,entre_metodos,gradient_boosting|fold1,lime-permutation,0.09726775956284153
german_credit,entre_metodos,gradient_boosting|fold2,shap-lime,0.3584699453551912
german_credit,entre_metodos,gradient_boosting|fold2,shap-permutation,0.09726775956284153
german_credit,entre_metodos,gradient_boosting|fold2,lime-permutation,0.13114754098360656
german_credit,entre_metodos,gradient_boosting|fold3,shap-lime,0.41530054644808745
german_credit,entre_metodos,gradient_boosting|fold3,shap-permutation,0.30163934426229505
german_credit,entre_metodos,gradient_boosting|fold3,lime-permutation,0.2262295081967213
german_credit,entre_metodos,gradient_boosting|fold4,shap-lime,0.3770491803278689
german_credit,entre_metodos,gradient_boosting|fold4,shap-permutation,0.24590163934426226
german_credit,entre_metodos,gradient_boosting|fold4,lime-permutation,0.30928961748633876
german_credit,entre_metodos,gradient_boosting|fold5,shap-lime,0.3945355191256831
german_credit,entre_metodos,gradient_boosting|fold5,shap-permutation,0.19234972677595627
german_credit,entre_metodos,gradient_boosting|fold5,lime-permutation,0.20109289617486337
german_credit,entre_metodos,gradient_boosting|fold6,shap-lime,0.4273224043715847
german_credit,entre_metodos,gradient_boosting|fold6,shap-permutation,0.2808743169398907
german_credit,entre_metodos,gradient_boosting|fold6,lime-permutation,0.15628415300546447
german_credit,entre_metodos,gradient_boosting|fold7,shap-lime,0.3475409836065574
german_credit,entre_metodos,gradient_boosting|fold7,shap-permutation,0.12786885245901639
german_credit,entre_metodos,gradient_boosting|fold7,lime-permutation,0.04371584699453551
german_credit,entre_metodos,gradient_boosting|fold8,shap-lime,0.34426229508196715
german_credit,entre_metodos,gradient_boosting|fold8,shap-permutation,0.28743169398907104
german_credit,entre_metodos,gradient_boosting|fold8,lime-permutation,0.2349726775956284
german_credit,entre_metodos,gradient_boosting|fold9,shap-lime,0.4163934426229508
german_credit,entre_metodos,gradient_boosting|fold9,shap-permutation,0.19999999999999996
german_credit,entre_metodos,gradient_boosting|fold9,lime-permutation,0.13224043715846992
german_credit,entre_metodos,logistic_regression|fold0,shap-lime,0.4655737704918032
german_credit,entre_metodos,logistic_regression|fold0,shap-permutation,0.22950819672131145
german_credit,entre_metodos,logistic_regression|fold0,lime-permutation,0.10601092896174863
german_credit,entre_metodos,logistic_regression|fold1,shap-lime,0.5245901639344263
german_credit,entre_metodos,logistic_regression|fold1,shap-permutation,0.10382513661202186
german_credit,entre_metodos,logistic_regression|fold1,lime-permutation,0.10054644808743168
german_credit,entre_metodos,logistic_regression|fold2,shap-lime,0.5060109289617486
german_credit,entre_metodos,logistic_regression|fold2,shap-permutation,0.2426229508196721
german_credit,entre_metodos,logistic_regression|fold2,lime-permutation,0.09617486338797814
german_credit,entre_metodos,logistic_regression|fold3,shap-lime,0.42950819672131146
german_credit,entre_metodos,logistic_regression|fold3,shap-permutation,0.1519125683060109
german_credit,entre_metodos,logistic_regression|fold3,lime-permutation,0.18907103825136612
german_credit,entre_metodos,logistic_regression|fold4,shap-lime,0.4207650273224044
german_credit,entre_metodos,logistic_regression|fold4,shap-permutation,0.3967213114754098
german_credit,entre_metodos,logistic_regression|fold4,lime-permutation,0.3333333333333333
german_credit,entre_metodos,logistic_regression|fold5,shap-lime,0.46775956284153003
german_credit,entre_metodos,logistic_regression|fold5,shap-permutation,0.23606557377049178
german_credit,entre_metodos,logistic_regression|fold5,lime-permutation,0.15846994535519124
german_credit,entre_metodos,logistic_regression|fold6,shap-lime,0.4666666666666667
german_credit,entre_metodos,logistic_regression|fold6,shap-permutation,0.17049180327868851
german_credit,entre_metodos,logistic_regression|fold6,lime-permutation,0.09617486338797814
german_credit,entre_metodos,logistic_regression|fold7,shap-lime,0.40327868852459015
german_credit,entre_metodos,logistic_regression|fold7,shap-permutation,0.32021857923497266
german_credit,entre_metodos,logistic_regression|fold7,lime-permutation,0.28306010928961745
german_credit,entre_metodos,logistic_regression|fold8,shap-lime,0.4065573770491803
german_credit,entre_metodos,logistic_regression|fold8,shap-permutation,0.2065573770491803
german_credit,entre_metodos,logistic_regression|fold8,lime-permutation,0.22513661202185792
german_credit,entre_metodos,logistic_regression|fold9,shap-lime,0.4415300546448087
german_credit,entre_metodos,logistic_regression|fold9,shap-permutation,0.2863387978142076
german_credit,entre_metodos,logistic_regression|fold9,lime-permutation,0.2524590163934426
german_credit,entre_modelos,shap|fold0,random_forest-gradient_boosting,0.6448087431693988
german_credit,entre_modelos,shap|fold0,random_forest-logistic_regression,0.6098360655737705
german_credit,entre_modelos,shap|fold0,gradient_boosting-logistic_regression,0.6153005464480874
german_credit,entre_modelos,shap|fold1,random_forest-gradient_boosting,0.6721311475409836
german_credit,entre_modelos,shap|fold1,random_forest-logistic_regression,0.5595628415300546
german_credit,entre_modelos,shap|fold1,gradient_boosting-logistic_regression,0.5683060109289617
german_credit,entre_modelos,shap|fold2,random_forest-gradient_boosting,0.6841530054644809
german_credit,entre_modelos,shap|fold2,random_forest-logistic_regression,0.5912568306010929
german_credit,entre_modelos,shap|fold2,gradient_boosting-logistic_regression,0.5726775956284152
german_credit,entre_modelos,shap|fold3,random_forest-gradient_boosting,0.6284153005464481
german_credit,entre_modelos,shap|fold3,random_forest-logistic_regression,0.6327868852459015
german_credit,entre_modelos,shap|fold3,gradient_boosting-logistic_regression,0.5234972677595627
german_credit,entre_modelos,shap|fold4,random_forest-gradient_boosting,0.6043715846994535
german_credit,entre_modelos,shap|fold4,random_forest-logistic_regression,0.5530054644808743
german_credit,entre_modelos,shap|fold4,gradient_boosting-logistic_regression,0.5595628415300546
german_credit,entre_modelos,shap|fold5,random_forest-gradient_boosting,0.6775956284153005
german_credit,entre_modelos,shap|fold5,random_forest-logistic_regression,0.6196721311475409
german_credit,entre_modelos,shap|fold5,gradient_boosting-logistic_regression,0.6054644808743169
german_credit,entre_modelos,shap|fold6,random_forest-gradient_boosting,0.6448087431693988
german_credit,entre_modelos,shap|fold6,random_forest-logistic_regression,0.6109289617486339
german_credit,entre_modelos,shap|fold6,gradient_boosting-logistic_regression,0.5639344262295082
german_credit,entre_modelos,shap|fold7,random_forest-gradient_boosting,0.6819672131147541
german_credit,entre_modelos,shap|fold7,random_forest-logistic_regression,0.5366120218579234
german_credit,entre_modelos,shap|fold7,gradient_boosting-logistic_regression,0.5377049180327869
german_credit,entre_modelos,shap|fold8,random_forest-gradient_boosting,0.6448087431693988
german_credit,entre_modelos,shap|fold8,random_forest-logistic_regression,0.5923497267759562
german_credit,entre_modelos,shap|fold8,gradient_boosting-logistic_regression,0.5256830601092896
german_credit,entre_modelos,shap|fold9,random_forest-gradient_boosting,0.6830601092896174
german_credit,entre_modelos,shap|fold9,random_forest-logistic_regression,0.585792349726776
german_credit,entre_modelos,shap|fold9,gradient_boosting-logistic_regression,0.555191256830601
german_credit,entre_modelos,lime|fold0,random_forest-gradient_boosting,0.5683060109289617
german_credit,entre_modelos,lime|fold0,random_forest-logistic_regression,0.5934426229508196
german_credit,entre_modelos,lime|fold0,gradient_boosting-logistic_regression,0.6098360655737705
german_credit,entre_modelos,lime|fold1,random_forest-gradient_boosting,0.5486338797814208
german_credit,entre_modelos,lime|fold1,random_forest-logistic_regression,0.6360655737704918
german_credit,entre_modelos,lime|fold1,gradient_boosting-logistic_regression,0.560655737704918
german_credit,entre_modelos,lime|fold2,random_forest-gradient_boosting,0.4699453551912568
german_credit,entre_modelos,lime|fold2,random_forest-logistic_regression,0.6229508196721312
german_credit,entre_modelos,lime|fold2,gradient_boosting-logistic_regression,0.540983606557377
german_credit,entre_modelos,lime|fold3,random_forest-gradient_boosting,0.5081967213114754
german_credit,entre_modelos,lime|fold3,random_forest-logistic_regression,0.6120218579234973
german_credit,entre_modelos,lime|fold3,gradient_boosting-logistic_regression,0.5442622950819671
german_credit,entre_modelos,lime|fold4,random_forest-gradient_boosting,0.48743169398907105
german_credit,entre_modelos,lime|fold4,random_forest-logistic_regression,0.5934426229508196
german_credit,entre_modelos,lime|fold4,gradient_boosting-logistic_regression,0.49398907103825135
german_credit,entre_modelos,lime|fold5,random_forest-gradient_boosting,0.5901639344262295
german_credit,entre_modelos,lime|fold5,random_forest-logistic_regression,0.6360655737704918
german_credit,entre_modelos,lime|fold5,gradient_boosting-logistic_regression,0.608743169398907
german_credit,entre_modelos,lime|fold6,random_forest-gradient_boosting,0.5191256830601093
german_credit,entre_modelos,lime|fold6,random_forest-logistic_regression,0.5617486338797814
german_credit,entre_modelos,lime|fold6,gradient_boosting-logistic_regression,0.5923497267759562
german_credit,entre_modelos,lime|fold7,random_forest-gradient_boosting,0.4524590163934426
german_credit,entre_modelos,lime|fold7,random_forest-logistic_regression,0.5595628415300546
german_credit,entre_modelos,lime|fold7,gradient_boosting-logistic_regression,0.5475409836065573
german_credit,entre_modelos,lime|fold8,random_forest-gradient_boosting,0.5016393442622951
german_credit,entre_modelos,lime|fold8,random_forest-logistic_regression,0.6185792349726775
german_credit,entre_modelos,lime|fold8,gradient_boosting-logistic_regression,0.4524590163934426
german_credit,entre_modelos,lime|fold9,random_forest-gradient_boosting,0.5420765027322404
german_credit,entre_modelos,lime|fold9,random_forest-logistic_regression,0.6010928961748634
german_credit,entre_modelos,lime|fold9,gradient_boosting-logistic_regression,0.5081967213114754
german_credit,entre_modelos,permutation|fold0,random_forest-gradient_boosting,0.4349726775956284
german_credit,entre_modelos,permutation|fold0,random_forest-logistic_regression,0.20218579234972675
german_credit,entre_modelos,permutation|fold0,gradient_boosting-logistic_regression,0.3999999999999999
german_credit,entre_modelos,permutation|fold1,random_forest-gradient_boosting,0.40983606557377045
german_credit,entre_modelos,permutation|fold1,random_forest-logistic_regression,0.4786885245901639
german_credit,entre_modelos,permutation|fold1,gradient_boosting-logistic_regression,0.4961748633879781
german_credit,entre_modelos,permutation|fold2,random_forest-gradient_boosting,0.23169398907103822
german_credit,entre_modelos,permutation|fold2,random_forest-logistic_regression,0.3322404371584699
german_credit,entre_modelos,permutation|fold2,gradient_boosting-logistic_regression,0.307103825136612
german_credit,entre_modelos,permutation|fold3,random_forest-gradient_boosting,0.4382513661202186
german_credit,entre_modelos,permutation|fold3,random_forest-logistic_regression,0.3693989071038251
german_credit,entre_modelos,permutation|fold3,gradient_boosting-logistic_regression,0.3584699453551912
german_credit,entre_modelos,permutation|fold4,random_forest-gradient_boosting,0.1377049180327869
german_credit,entre_modelos,permutation|fold4,random_forest-logistic_regression,0.3508196721311475
german_credit,entre_modelos,permutation|fold4,gradient_boosting-logistic_regression,0.32349726775956283
german_credit,entre_modelos,permutation|fold5,random_forest-gradient_boosting,0.3704918032786885
german_credit,entre_modelos,permutation|fold5,random_forest-logistic_regression,0.36721311475409835
german_credit,entre_modelos,permutation|fold5,gradient_boosting-logistic_regression,0.35628415300546445
german_credit,entre_modelos,permutation|fold6,random_forest-gradient_boosting,0.28415300546448086
german_credit,entre_modelos,permutation|fold6,random_forest-logistic_regression,0.2994535519125683
german_credit,entre_modelos,permutation|fold6,gradient_boosting-logistic_regression,0.2349726775956284
german_credit,entre_modelos,permutation|fold7,random_forest-gradient_boosting,0.2710382513661202
german_credit,entre_modelos,permutation|fold7,random_forest-logistic_regression,0.28743169398907104
german_credit,entre_modelos,permutation|fold7,gradient_boosting-logistic_regression,0.21202185792349726
german_credit,entre_modelos,permutation|fold8,random_forest-gradient_boosting,0.5475409836065573
german_credit,entre_modelos,permutation|fold8,random_forest-logistic_regression,0.4382513661202186
german_credit,entre_modelos,permutation|fold8,gradient_boosting-logistic_regression,0.32021857923497266
german_credit,entre_modelos,permutation|fold9,random_forest-gradient_boosting,0.40546448087431686
german_credit,entre_modelos,permutation|fold9,random_forest-logistic_regression,0.37486338797814206
german_credit,entre_modelos,permutation|fold9,gradient_boosting-logistic_regression,0.30928961748633876
oulad,entre_folds,random_forest|shap,0-1,0.9149659863945576
oulad,entre_folds,random_forest|shap,0-2,0.9081632653061223
oulad,entre_folds,random_forest|shap,0-3,0.9047619047619047
oulad,entre_folds,random_forest|shap,0-4,0.9183673469387754
oulad,entre_folds,random_forest|shap,0-5,0.9268707482993196
oulad,entre_folds,random_forest|shap,0-6,0.8996598639455781
oulad,entre_folds,random_forest|shap,0-7,0.9200680272108842
oulad,entre_folds,random_forest|shap,0-8,0.91156462585034
oulad,entre_folds,random_forest|shap,0-9,0.9098639455782312
oulad,entre_folds,random_forest|shap,1-2,0.9149659863945576
oulad,entre_folds,random_forest|shap,1-3,0.9251700680272108
oulad,entre_folds,random_forest|shap,1-4,0.9421768707482993
oulad,entre_folds,random_forest|shap,1-5,0.9098639455782312
oulad,entre_folds,random_forest|shap,1-6,0.9472789115646257
oulad,entre_folds,random_forest|shap,1-7,0.9404761904761904
oulad,entre_folds,random_forest|shap,1-8,0.9489795918367346
oulad,entre_folds,random_forest|shap,1-9,0.933673469387755
oulad,entre_folds,random_forest|shap,2-3,0.9149659863945576
oulad,entre_folds,random_forest|shap,2-4,0.9319727891156461
oulad,entre_folds,random_forest|shap,2-5,0.8962585034013604
oulad,entre_folds,random_forest|shap,2-6,0.9200680272108842
oulad,entre_folds,random_forest|shap,2-7,0.933673469387755
oulad,entre_folds,random_forest|shap,2-8,0.9149659863945576
oulad,entre_folds,random_forest|shap,2-9,0.9234693877551019
oulad,entre_folds,random_forest|shap,3-4,0.9183673469387754
oulad,entre_folds,random_forest|shap,3-5,0.9234693877551019
oulad,entre_folds,random_forest|shap,3-6,0.9370748299319726
oulad,entre_folds,random_forest|shap,3-7,0.933673469387755
oulad,entre_folds,random_forest|shap,3-8,0.9285714285714285
oulad,entre_folds,random_forest|shap,3-9,0.9234693877551019
oulad,entre_folds,random_forest|shap,4-5,0.9268707482993196
oulad,entre_folds,random_forest|shap,4-6,0.9234693877551019
oulad,entre_folds,random_forest|shap,4-7,0.9506802721088435
oulad,entre_folds,random_forest|shap,4-8,0.9387755102040815
oulad,entre_folds,random_forest|shap,4-9,0.9268707482993196
oulad,entre_folds,random_forest|shap,5-6,0.91156462585034
oulad,entre_folds,random_forest|shap,5-7,0.9319727891156461
oulad,entre_folds,random_forest|shap,5-8,0.9268707482993196
oulad,entre_folds,random_forest|shap,5-9,0.9183673469387754
oulad,entre_folds,random_forest|shap,6-7,0.9387755102040815
oulad,entre_folds,random_forest|shap,6-8,0.9370748299319726
oulad,entre_folds,random_forest|shap,6-9,0.9217687074829931
oulad,entre_folds,random_forest|shap,7-8,0.9438775510204082
oulad,entre_folds,random_forest|shap,7-9,0.9217687074829931
oulad,entre_folds,random_forest|shap,8-9,0.9302721088435374
oulad,entre_folds,random_forest|lime,0-1,0.8928571428571427
oulad,entre_folds,random_forest|lime,0-2,0.8911564625850339
oulad,entre_folds,random_forest|lime,0-3,0.846938775510204
oulad,entre_folds,random_forest|lime,0-4,0.8622448979591836
oulad,entre_folds,random_forest|lime,0-5,0.8707482993197279
oulad,entre_folds,random_forest|lime,0-6,0.8537414965986393
oulad,entre_folds,random_forest|lime,0-7,0.8758503401360542
oulad,entre_folds,random_forest|lime,0-8,0.8894557823129251
oulad,entre_folds,random_forest|lime,0-9,0.846938775510204
oulad,entre_folds,random_forest|lime,1-2,0.869047619047619
oulad,entre_folds,random_forest|lime,1-3,0.8928571428571427
oulad,entre_folds,random_forest|lime,1-4,0.8843537414965985
oulad,entre_folds,random_forest|lime,1-5,0.8996598639455781
oulad,entre_folds,random_forest|lime,1-6,0.8894557823129251
oulad,entre_folds,random_forest|lime,1-7,0.8707482993197279
oulad,entre_folds,random_forest|lime,1-8,0.9149659863945576
oulad,entre_folds,random_forest|lime,1-9,0.8758503401360542
oulad,entre_folds,random_forest|lime,2-3,0.8809523809523808
oulad,entre_folds,random_forest|lime,2-4,0.8860544217687074
oulad,entre_folds,random_forest|lime,2-5,0.8877551020408162
oulad,entre_folds,random_forest|lime,2-6,0.8741496598639454
oulad,entre_folds,random_forest|lime,2-7,0.8826530612244897
oulad,entre_folds,random_forest|lime,2-8,0.9132653061224488
oulad,entre_folds,random_forest|lime,2-9,0.857142857142857
oulad,entre_folds,random_forest|lime,3-4,0.869047619047619
oulad,entre_folds,random_forest|lime,3-5,0.9081632653061223
oulad,entre_folds,random_forest|lime,3-6,0.8911564625850339
oulad,entre_folds,random_forest|lime,3-7,0.8758503401360542
oulad,entre_folds,random_forest|lime,3-8,0.8996598639455781
oulad,entre_folds,random_forest|lime,3-9,0.8639455782312924
oulad,entre_folds,random_forest|lime,4-5,0.8996598639455781
oulad,entre_folds,random_forest|lime,4-6,0.869047619047619
oulad,entre_folds,random_forest|lime,4-7,0.8741496598639454
oulad,entre_folds,random_forest|lime,4-8,0.8979591836734693
oulad,entre_folds,random_forest|lime,4-9,0.8928571428571427
oulad,entre_folds,random_forest|lime,5-6,0.901360544217687
oulad,entre_folds,random_forest|lime,5-7,0.8758503401360542
oulad,entre_folds,random_forest|lime,5-8,0.9132653061224488
oulad,entre_folds,random_forest|lime,5-9,0.8843537414965985
oulad,entre_folds,random_forest|lime,6-7,0.8588435374149659
oulad,entre_folds,random_forest|lime,6-8,0.8962585034013604
oulad,entre_folds,random_forest|lime,6-9,0.857142857142857
oulad,entre_folds,random_forest|lime,7-8,0.8809523809523808
oulad,entre_folds,random_forest|lime,7-9,0.8588435374149659
oulad,entre_folds,random_forest|lime,8-9,0.869047619047619
oulad,entre_folds,random_forest|permutation,0-1,0.4149659863945578
oulad,entre_folds,random_forest|permutation,0-2,0.42517006802721086
oulad,entre_folds,random_forest|permutation,0-3,0.46768707482993194
oulad,entre_folds,random_forest|permutation,0-4,0.574829931972789
oulad,entre_folds,random_forest|permutation,0-5,0.6598639455782312
oulad,entre_folds,random_forest|permutation,0-6,0.43537414965986393
oulad,entre_folds,random_forest|permutation,0-7,0.5510204081632653
oulad,entre_folds,random_forest|permutation,0-8,0.5578231292517006
oulad,entre_folds,random_forest|permutation,0-9,0.3435374149659864
oulad,entre_folds,random_forest|permutation,1-2,0.4999999999999999
oulad,entre_folds,random_forest|permutation,1-3,0.46088435374149656
oulad,entre_folds,random_forest|permutation,1-4,0.5306122448979591
oulad,entre_folds,random_forest|permutation,1-5,0.4727891156462584
oulad,entre_folds,random_forest|permutation,1-6,0.6768707482993196
oulad,entre_folds,random_forest|permutation,1-7,0.42517006802721086
oulad,entre_folds,random_forest|permutation,1-8,0.5374149659863945
oulad,entre_folds,random_forest|permutation,1-9,0.44217687074829926
oulad,entre_folds,random_forest|permutation,2-3,0.5255102040816326
oulad,entre_folds,random_forest|permutation,2-4,0.48299319727891155
oulad,entre_folds,random_forest|permutation,2-5,0.5068027210884354
oulad,entre_folds,random_forest|permutation,2-6,0.45578231292517
oulad,entre_folds,random_forest|permutation,2-7,0.5136054421768707
oulad,entre_folds,random_forest|permutation,2-8,0.48979591836734687
oulad,entre_folds,random_forest|permutation,2-9,0.4761904761904761
oulad,entre_folds,random_forest|permutation,3-4,0.4438775510204081
oulad,entre_folds,random_forest|permutation,3-5,0.5051020408163265
oulad,entre_folds,random_forest|permutation,3-6,0.4540816326530612
oulad,entre_folds,random_forest|permutation,3-7,0.41326530612244894
oulad,entre_folds,random_forest|permutation,3-8,0.48469387755102034
oulad,entre_folds,random_forest|permutation,3-9,0.40306122448979587
oulad,entre_folds,random_forest|permutation,4-5,0.5510204081632653
oulad,entre_folds,random_forest|permutation,4-6,0.4285714285714285
oulad,entre_folds,random_forest|permutation,4-7,0.4863945578231292
oulad,entre_folds,random_forest|permutation,4-8,0.6020408163265305
oulad,entre_folds,random_forest|permutation,4-9,0.31972789115646255
oulad,entre_folds,random_forest|permutation,5-6,0.5034013605442176
oulad,entre_folds,random_forest|permutation,5-7,0.5170068027210883
oulad,entre_folds,random_forest|permutation,5-8,0.49319727891156456
oulad,entre_folds,random_forest|permutation,5-9,0.42517006802721086
oulad,entre_folds,random_forest|permutation,6-7,0.43537414965986393
oulad,entre_folds,random_forest|permutation,6-8,0.564625850340136
oulad,entre_folds,random_forest|permutation,6-9,0.5374149659863945
oulad,entre_folds,random_forest|permutation,7-8,0.5374149659863945
oulad,entre_folds,random_forest|permutation,7-9,0.3503401360544217
oulad,entre_folds,random_forest|permutation,8-9,0.42517006802721086
oulad,entre_folds,gradient_boosting|shap,0-1,0.8826530612244897
oulad,entre_folds,gradient_boosting|shap,0-2,0.9030612244897958
oulad,entre_folds,gradient_boosting|shap,0-3,0.91156462585034
oulad,entre_folds,gradient_boosting|shap,0-4,0.901360544217687
oulad,entre_folds,gradient_boosting|shap,0-5,0.9030612244897958
oulad,entre_folds,gradient_boosting|shap,0-6,0.8962585034013604
oulad,entre_folds,gradient_boosting|shap,0-7,0.8979591836734693
oulad,entre_folds,gradient_boosting|shap,0-8,0.8843537414965985
oulad,entre_folds,gradient_boosting|shap,0-9,0.8775510204081631
oulad,entre_folds,gradient_boosting|shap,1-2,0.8979591836734693
oulad,entre_folds,gradient_boosting|shap,1-3,0.8928571428571427
oulad,entre_folds,gradient_boosting|shap,1-4,0.9166666666666665
oulad,entre_folds,gradient_boosting|shap,1-5,0.901360544217687
oulad,entre_folds,gradient_boosting|shap,1-6,0.9081632653061223
oulad,entre_folds,gradient_boosting|shap,1-7,0.879251700680272
oulad,entre_folds,gradient_boosting|shap,1-8,0.8962585034013604
oulad,entre_folds,gradient_boosting|shap,1-9,0.9064625850340136
oulad,entre_folds,gradient_boosting|shap,2-3,0.933673469387755
oulad,entre_folds,gradient_boosting|shap,2-4,0.9268707482993196
oulad,entre_folds,gradient_boosting|shap,2-5,0.9047619047619047
oulad,entre_folds,gradient_boosting|shap,2-6,0.9217687074829931
oulad,entre_folds,gradient_boosting|shap,2-7,0.9438775510204082
oulad,entre_folds,gradient_boosting|shap,2-8,0.9064625850340136
oulad,entre_folds,gradient_boosting|shap,2-9,0.9200680272108842
oulad,entre_folds,gradient_boosting|shap,3-4,0.91156462585034
oulad,entre_folds,gradient_boosting|shap,3-5,0.8996598639455781
oulad,entre_folds,gradient_boosting|shap,3-6,0.9200680272108842
oulad,entre_folds,gradient_boosting|shap,3-7,0.9251700680272108
oulad,entre_folds,gradient_boosting|shap,3-8,0.8843537414965985
oulad,entre_folds,gradient_boosting|shap,3-9,0.8979591836734693
oulad,entre_folds,gradient_boosting|shap,4-5,0.9200680272108842
oulad,entre_folds,gradient_boosting|shap,4-6,0.933673469387755
oulad,entre_folds,gradient_boosting|shap,4-7,0.9149659863945576
oulad,entre_folds,gradient_boosting|shap,4-8,0.8911564625850339
oulad,entre_folds,gradient_boosting|shap,4-9,0.91156462585034
oulad,entre_folds,gradient_boosting|shap,5-6,0.9183673469387754
oulad,entre_folds,gradient_boosting|shap,5-7,0.8962585034013604
oulad,entre_folds,gradient_boosting|shap,5-8,0.9132653061224488
oulad,entre_folds,gradient_boosting|shap,5-9,0.8996598639455781
oulad,entre_folds,gradient_boosting|shap,6-7,0.9200680272108842
oulad,entre_folds,gradient_boosting|shap,6-8,0.9064625850340136
oulad,entre_folds,gradient_boosting|shap,6-9,0.9064625850340136
oulad,entre_folds,gradient_boosting|shap,7-8,0.8843537414965985
oulad,entre_folds,gradient_boosting|shap,7-9,0.8877551020408162
oulad,entre_folds,gradient_boosting|shap,8-9,0.8911564625850339
oulad,entre_folds,gradient_boosting|lime,0-1,0.727891156462585
oulad,entre_folds,gradient_boosting|lime,0-2,0.7023809523809523
oulad,entre_folds,gradient_boosting|lime,0-3,0.7176870748299319
oulad,entre_folds,gradient_boosting|lime,0-4,0.6343537414965985
oulad,entre_folds,gradient_boosting|lime,0-5,0.6326530612244896
oulad,entre_folds,gradient_boosting|lime,0-6,0.7108843537414965
oulad,entre_folds,gradient_boosting|lime,0-7,0.7244897959183673
oulad,entre_folds,gradient_boosting|lime,0-8,0.6258503401360543
oulad,entre_folds,gradient_boosting|lime,0-9,0.7125850340136053
oulad,entre_folds,gradient_boosting|lime,1-2,0.7431972789115645
oulad,entre_folds,gradient_boosting|lime,1-3,0.727891156462585
oulad,entre_folds,gradient_boosting|lime,1-4,0.7023809523809523
oulad,entre_folds,gradient_boosting|lime,1-5,0.6870748299319728
oulad,entre_folds,gradient_boosting|lime,1-6,0.8095238095238094
oulad,entre_folds,gradient_boosting|lime,1-7,0.7448979591836734
oulad,entre_folds,gradient_boosting|lime,1-8,0.7312925170068026
oulad,entre_folds,gradient_boosting|lime,1-9,0.7295918367346939
oulad,entre_folds,gradient_boosting|lime,2-3,0.7942176870748298
oulad,entre_folds,gradient_boosting|lime,2-4,0.6734693877551019
oulad,entre_folds,gradient_boosting|lime,2-5,0.6819727891156462
oulad,entre_folds,gradient_boosting|lime,2-6,0.6921768707482991
oulad,entre_folds,gradient_boosting|lime,2-7,0.6785714285714285
oulad,entre_folds,gradient_boosting|lime,2-8,0.6411564625850339
oulad,entre_folds,gradient_boosting|lime,2-9,0.6632653061224489
oulad,entre_folds,gradient_boosting|lime,3-4,0.6717687074829931
oulad,entre_folds,gradient_boosting|lime,3-5,0.6904761904761905
oulad,entre_folds,gradient_boosting|lime,3-6,0.7176870748299319
oulad,entre_folds,gradient_boosting|lime,3-7,0.7755102040816325
oulad,entre_folds,gradient_boosting|lime,3-8,0.6632653061224489
oulad,entre_folds,gradient_boosting|lime,3-9,0.6887755102040816
oulad,entre_folds,gradient_boosting|lime,4-5,0.7193877551020407
oulad,entre_folds,gradient_boosting|lime,4-6,0.7295918367346939
oulad,entre_folds,gradient_boosting|lime,4-7,0.70578231292517
oulad,entre_folds,gradient_boosting|lime,4-8,0.6989795918367346
oulad,entre_folds,gradient_boosting|lime,4-9,0.6462585034013605
oulad,entre_folds,gradient_boosting|lime,5-6,0.7312925170068026
oulad,entre_folds,gradient_boosting|lime,5-7,0.6530612244897958
oulad,entre_folds,gradient_boosting|lime,5-8,0.6802721088435373
oulad,entre_folds,gradient_boosting|lime,5-9,0.6819727891156462
oulad,entre_folds,gradient_boosting|lime,6-7,0.7823129251700679
oulad,entre_folds,gradient_boosting|lime,6-8,0.8265306122448979
oulad,entre_folds,gradient_boosting|lime,6-9,0.7636054421768707
oulad,entre_folds,gradient_boosting|lime,7-8,0.7074829931972788
oulad,entre_folds,gradient_boosting|lime,7-9,0.7568027210884353
oulad,entre_folds,gradient_boosting|lime,8-9,0.6955782312925168
oulad,entre_folds,gradient_boosting|permutation,0-1,0.5697278911564626
oulad,entre_folds,gradient_boosting|permutation,0-2,0.5357142857142856
oulad,entre_folds,gradient_boosting|permutation,0-3,0.47108843537414963
oulad,entre_folds,gradient_boosting|permutation,0-4,0.574829931972789
oulad,entre_folds,gradient_boosting|permutation,0-5,0.46088435374149656
oulad,entre_folds,gradient_boosting|permutation,0-6,0.4285714285714285
oulad,entre_folds,gradient_boosting|permutation,0-7,0.5408163265306122
oulad,entre_folds,gradient_boosting|permutation,0-8,0.49319727891156456
oulad,entre_folds,gradient_boosting|permutation,0-9,0.47959183673469385
oulad,entre_folds,gradient_boosting|permutation,1-2,0.46598639455782304
oulad,entre_folds,gradient_boosting|permutation,1-3,0.3945578231292517
oulad,entre_folds,gradient_boosting|permutation,1-4,0.4914965986394558
oulad,entre_folds,gradient_boosting|permutation,1-5,0.4999999999999999
oulad,entre_folds,gradient_boosting|permutation,1-6,0.46428571428571425
oulad,entre_folds,gradient_boosting|permutation,1-7,0.5051020408163265
oulad,entre_folds,gradient_boosting|permutation,1-8,0.5425170068027211
oulad,entre_folds,gradient_boosting|permutation,1-9,0.42687074829931965
oulad,entre_folds,gradient_boosting|permutation,2-3,0.47959183673469385
oulad,entre_folds,gradient_boosting|permutation,2-4,0.5255102040816326
oulad,entre_folds,gradient_boosting|permutation,2-5,0.43537414965986393
oulad,entre_folds,gradient_boosting|permutation,2-6,0.40306122448979587
oulad,entre_folds,gradient_boosting|permutation,2-7,0.4506802721088435
oulad,entre_folds,gradient_boosting|permutation,2-8,0.4166666666666666
oulad,entre_folds,gradient_boosting|permutation,2-9,0.3996598639455782
oulad,entre_folds,gradient_boosting|permutation,3-4,0.5595238095238094
oulad,entre_folds,gradient_boosting|permutation,3-5,0.4319727891156462
oulad,entre_folds,gradient_boosting|permutation,3-6,0.4166666666666666
oulad,entre_folds,gradient_boosting|permutation,3-7,0.5255102040816326
oulad,entre_folds,gradient_boosting|permutation,3-8,0.4506802721088435
oulad,entre_folds,gradient_boosting|permutation,3-9,0.48469387755102034
oulad,entre_folds,gradient_boosting|permutation,4-5,0.4336734693877551
oulad,entre_folds,gradient_boosting|permutation,4-6,0.5476190476190476
oulad,entre_folds,gradient_boosting|permutation,4-7,0.5068027210884354
oulad,entre_folds,gradient_boosting|permutation,4-8,0.520408163265306
oulad,entre_folds,gradient_boosting|permutation,4-9,0.5884353741496599
oulad,entre_folds,gradient_boosting|permutation,5-6,0.5765306122448979
oulad,entre_folds,gradient_boosting|permutation,5-7,0.46428571428571425
oulad,entre_folds,gradient_boosting|permutation,5-8,0.4438775510204081
oulad,entre_folds,gradient_boosting|permutation,5-9,0.4914965986394558
oulad,entre_folds,gradient_boosting|permutation,6-7,0.3809523809523809
oulad,entre_folds,gradient_boosting|permutation,6-8,0.5170068027210883
oulad,entre_folds,gradient_boosting|permutation,6-9,0.5374149659863945
oulad,entre_folds,gradient_boosting|permutation,7-8,0.5272108843537414
oulad,entre_folds,gradient_boosting|permutation,7-9,0.48979591836734687
oulad,entre_folds,gradient_boosting|permutation,8-9,0.5442176870748299
oulad,entre_folds,logistic_regression|shap,0-1,0.8537414965986393
oulad,entre_folds,logistic_regression|shap,0-2,0.8843537414965985
oulad,entre_folds,logistic_regression|shap,0-3,0.8758503401360542
oulad,entre_folds,logistic_regression|shap,0-4,0.8231292517006802
oulad,entre_folds,logistic_regression|shap,0-5,0.8775510204081631
oulad,entre_folds,logistic_regression|shap,0-6,0.8860544217687074
oulad,entre_folds,logistic_regression|shap,0-7,0.869047619047619
oulad,entre_folds,logistic_regression|shap,0-8,0.8367346938775508
oulad,entre_folds,logistic_regression|shap,0-9,0.8741496598639454
oulad,entre_folds,logistic_regression|shap,1-2,0.8639455782312924
oulad,entre_folds,logistic_regression|shap,1-3,0.869047619047619
oulad,entre_folds,logistic_regression|shap,1-4,0.8401360544217686
oulad,entre_folds,logistic_regression|shap,1-5,0.8435374149659863
oulad,entre_folds,logistic_regression|shap,1-6,0.8656462585034013
oulad,entre_folds,logistic_regression|shap,1-7,0.8826530612244897
oulad,entre_folds,logistic_regression|shap,1-8,0.8707482993197279
oulad,entre_folds,logistic_regression|shap,1-9,0.8401360544217686
oulad,entre_folds,logistic_regression|shap,2-3,0.8826530612244897
oulad,entre_folds,logistic_regression|shap,2-4,0.8741496598639454
oulad,entre_folds,logistic_regression|shap,2-5,0.8401360544217686
oulad,entre_folds,logistic_regression|shap,2-6,0.8826530612244897
oulad,entre_folds,logistic_regression|shap,2-7,0.8860544217687074
oulad,entre_folds,logistic_regression|shap,2-8,0.8741496598639454
oulad,entre_folds,logistic_regression|shap,2-9,0.8775510204081631
oulad,entre_folds,logistic_regression|shap,3-4,0.8384353741496597
oulad,entre_folds,logistic_regression|shap,3-5,0.8452380952380951
oulad,entre_folds,logistic_regression|shap,3-6,0.8979591836734693
oulad,entre_folds,logistic_regression|shap,3-7,0.8877551020408162
oulad,entre_folds,logistic_regression|shap,3-8,0.8656462585034013
oulad,entre_folds,logistic_regression|shap,3-9,0.8826530612244897
oulad,entre_folds,logistic_regression|shap,4-5,0.8333333333333331
oulad,entre_folds,logistic_regression|shap,4-6,0.8418367346938774
oulad,entre_folds,logistic_regression|shap,4-7,0.869047619047619
oulad,entre_folds,logistic_regression|shap,4-8,0.8367346938775508
oulad,entre_folds,logistic_regression|shap,4-9,0.8605442176870747
oulad,entre_folds,logistic_regression|shap,5-6,0.8622448979591836
oulad,entre_folds,logistic_regression|shap,5-7,0.8622448979591836
oulad,entre_folds,logistic_regression|shap,5-8,0.8197278911564625
oulad,entre_folds,logistic_regression|shap,5-9,0.8537414965986393
oulad,entre_folds,logistic_regression|shap,6-7,0.8775510204081631
oulad,entre_folds,logistic_regression|shap,6-8,0.869047619047619
oulad,entre_folds,logistic_regression|shap,6-9,0.9064625850340136
oulad,entre_folds,logistic_regression|shap,7-8,0.8554421768707482
oulad,entre_folds,logistic_regression|shap,7-9,0.8588435374149659
oulad,entre_folds,logistic_regression|shap,8-9,0.8435374149659863
oulad,entre_folds,logistic_regression|lime,0-1,0.8741496598639454
oulad,entre_folds,logistic_regression|lime,0-2,0.8860544217687074
oulad,entre_folds,logistic_regression|lime,0-3,0.8673469387755102
oulad,entre_folds,logistic_regression|lime,0-4,0.8775510204081631
oulad,entre_folds,logistic_regression|lime,0-5,0.9166666666666665
oulad,entre_folds,logistic_regression|lime,0-6,0.8537414965986393
oulad,entre_folds,logistic_regression|lime,0-7,0.8877551020408162
oulad,entre_folds,logistic_regression|lime,0-8,0.879251700680272
oulad,entre_folds,logistic_regression|lime,0-9,0.8860544217687074
oulad,entre_folds,logistic_regression|lime,1-2,0.9030612244897958
oulad,entre_folds,logistic_regression|lime,1-3,0.8639455782312924
oulad,entre_folds,logistic_regression|lime,1-4,0.8537414965986393
oulad,entre_folds,logistic_regression|lime,1-5,0.8962585034013604
oulad,entre_folds,logistic_regression|lime,1-6,0.8673469387755102
oulad,entre_folds,logistic_regression|lime,1-7,0.8605442176870747
oulad,entre_folds,logistic_regression|lime,1-8,0.8894557823129251
oulad,entre_folds,logistic_regression|lime,1-9,0.8928571428571427
oulad,entre_folds,logistic_regression|lime,2-3,0.8826530612244897
oulad,entre_folds,logistic_regression|lime,2-4,0.8758503401360542
oulad,entre_folds,logistic_regression|lime,2-5,0.8979591836734693
oulad,entre_folds,logistic_regression|lime,2-6,0.8894557823129251
oulad,entre_folds,logistic_regression|lime,2-7,0.869047619047619
oulad,entre_folds,logistic_regression|lime,2-8,0.8979591836734693
oulad,entre_folds,logistic_regression|lime,2-9,0.9047619047619047
oulad,entre_folds,logistic_regression|lime,3-4,0.8639455782312924
oulad,entre_folds,logistic_regression|lime,3-5,0.879251700680272
oulad,entre_folds,logistic_regression|lime,3-6,0.8809523809523808
oulad,entre_folds,logistic_regression|lime,3-7,0.8945578231292516
oulad,entre_folds,logistic_regression|lime,3-8,0.8826530612244897
oulad,entre_folds,logistic_regression|lime,3-9,0.8860544217687074
oulad,entre_folds,logistic_regression|lime,4-5,0.869047619047619
oulad,entre_folds,logistic_regression|lime,4-6,0.8945578231292516
oulad,entre_folds,logistic_regression|lime,4-7,0.9047619047619047
oulad,entre_folds,logistic_regression|lime,4-8,0.8928571428571427
oulad,entre_folds,logistic_regression|lime,4-9,0.8656462585034013
oulad,entre_folds,logistic_regression|lime,5-6,0.8622448979591836
oulad,entre_folds,logistic_regression|lime,5-7,0.8724489795918365
oulad,entre_folds,logistic_regression|lime,5-8,0.8945578231292516
oulad,entre_folds,logistic_regression|lime,5-9,0.8979591836734693
oulad,entre_folds,logistic_regression|lime,6-7,0.9081632653061223
oulad,entre_folds,logistic_regression|lime,6-8,0.8894557823129251
oulad,entre_folds,logistic_regression|lime,6-9,0.879251700680272
oulad,entre_folds,logistic_regression|lime,7-8,0.879251700680272
oulad,entre_folds,logistic_regression|lime,7-9,0.8520408163265305
oulad,entre_folds,logistic_regression|lime,8-9,0.91156462585034
oulad,entre_folds,logistic_regression|permutation,0-1,0.5612244897959183
oulad,entre_folds,logistic_regression|permutation,0-2,0.49489795918367346
oulad,entre_folds,logistic_regression|permutation,0-3,0.520408163265306
oulad,entre_folds,logistic_regression|permutation,0-4,0.608843537414966
oulad,entre_folds,logistic_regression|permutation,0-5,0.5629251700680271
oulad,entre_folds,logistic_regression|permutation,0-6,0.4591836734693877
oulad,entre_folds,logistic_regression|permutation,0-7,0.5476190476190476
oulad,entre_folds,logistic_regression|permutation,0-8,0.4081632653061224
oulad,entre_folds,logistic_regression|permutation,0-9,0.5306122448979591
oulad,entre_folds,logistic_regression|permutation,1-2,0.5697278911564626
oulad,entre_folds,logistic_regression|permutation,1-3,0.6156462585034013
oulad,entre_folds,logistic_regression|permutation,1-4,0.5850340136054422
oulad,entre_folds,logistic_regression|permutation,1-5,0.5221088435374149
oulad,entre_folds,logistic_regression|permutation,1-6,0.5816326530612245
oulad,entre_folds,logistic_regression|permutation,1-7,0.5884353741496599
oulad,entre_folds,logistic_regression|permutation,1-8,0.5238095238095237
oulad,entre_folds,logistic_regression|permutation,1-9,0.629251700680272
oulad,entre_folds,logistic_regression|permutation,2-3,0.651360544217687
oulad,entre_folds,logistic_regression|permutation,2-4,0.6717687074829931
oulad,entre_folds,logistic_regression|permutation,2-5,0.629251700680272
oulad,entre_folds,logistic_regression|permutation,2-6,0.6819727891156462
oulad,entre_folds,logistic_regression|permutation,2-7,0.7091836734693877
oulad,entre_folds,logistic_regression|permutation,2-8,0.5289115646258503
oulad,entre_folds,logistic_regression|permutation,2-9,0.7125850340136053
oulad,entre_folds,logistic_regression|permutation,3-4,0.6598639455782312
oulad,entre_folds,logistic_regression|permutation,3-5,0.6003401360544217
oulad,entre_folds,logistic_regression|permutation,3-6,0.5714285714285713
oulad,entre_folds,logistic_regression|permutation,3-7,0.7074829931972788
oulad,entre_folds,logistic_regression|permutation,3-8,0.4761904761904761
oulad,entre_folds,logistic_regression|permutation,3-9,0.6802721088435373
oulad,entre_folds,logistic_regression|permutation,4-5,0.6377551020408162
oulad,entre_folds,logistic_regression|permutation,4-6,0.6122448979591836
oulad,entre_folds,logistic_regression|permutation,4-7,0.6972789115646257
oulad,entre_folds,logistic_regression|permutation,4-8,0.5238095238095237
oulad,entre_folds,logistic_regression|permutation,4-9,0.693877551020408
oulad,entre_folds,logistic_regression|permutation,5-6,0.5357142857142856
oulad,entre_folds,logistic_regression|permutation,5-7,0.6207482993197279
oulad,entre_folds,logistic_regression|permutation,5-8,0.46088435374149656
oulad,entre_folds,logistic_regression|permutation,5-9,0.5697278911564626
oulad,entre_folds,logistic_regression|permutation,6-7,0.6462585034013605
oulad,entre_folds,logistic_regression|permutation,6-8,0.608843537414966
oulad,entre_folds,logistic_regression|permutation,6-9,0.6564625850340134
oulad,entre_folds,logistic_regression|permutation,7-8,0.5340136054421768
oulad,entre_folds,logistic_regression|permutation,7-9,0.7142857142857142
oulad,entre_folds,logistic_regression|permutation,8-9,0.608843537414966
oulad,entre_metodos,random_forest|fold0,shap-lime,0.5102040816326531
oulad,entre_metodos,random_forest|fold0,shap-permutation,0.552721088435374
oulad,entre_metodos,random_forest|fold0,lime-permutation,0.46428571428571425
oulad,entre_metodos,random_forest|fold1,shap-lime,0.5221088435374149
oulad,entre_metodos,random_forest|fold1,shap-permutation,0.4744897959183673
oulad,entre_metodos,random_forest|fold1,lime-permutation,0.5170068027210883
oulad,entre_metodos,random_forest|fold2,shap-lime,0.5136054421768707
oulad,entre_metodos,random_forest|fold2,shap-permutation,0.552721088435374
oulad,entre_metodos,random_forest|fold2,lime-permutation,0.40306122448979587
oulad,entre_metodos,random_forest|fold3,shap-lime,0.5136054421768707
oulad,entre_metodos,random_forest|fold3,shap-permutation,0.5918367346938774
oulad,entre_metodos,random_forest|fold3,lime-permutation,0.4285714285714285
oulad,entre_metodos,random_forest|fold4,shap-lime,0.5493197278911565
oulad,entre_metodos,random_forest|fold4,shap-permutation,0.552721088435374
oulad,entre_metodos,random_forest|fold4,lime-permutation,0.5680272108843537
oulad,entre_metodos,random_forest|fold5,shap-lime,0.5289115646258503
oulad,entre_metodos,random_forest|fold5,shap-permutation,0.42176870748299317
oulad,entre_metodos,random_forest|fold5,lime-permutation,0.47789115646258495
oulad,entre_metodos,random_forest|fold6,shap-lime,0.4914965986394558
oulad,entre_metodos,random_forest|fold6,shap-permutation,0.48979591836734687
oulad,entre_metodos,random_forest|fold6,lime-permutation,0.48469387755102034
oulad,entre_metodos,random_forest|fold7,shap-lime,0.5238095238095237
oulad,entre_metodos,random_forest|fold7,shap-permutation,0.5374149659863945
oulad,entre_metodos,random_forest|fold7,lime-permutation,0.4727891156462584
oulad,entre_metodos,random_forest|fold8,shap-lime,0.5153061224489794
oulad,entre_metodos,random_forest|fold8,shap-permutation,0.6275510204081632
oulad,entre_metodos,random_forest|fold8,lime-permutation,0.46598639455782304
oulad,entre_metodos,random_forest|fold9,shap-lime,0.5357142857142856
oulad,entre_metodos,random_forest|fold9,shap-permutation,0.4285714285714285
oulad,entre_metodos,random_forest|fold9,lime-permutation,0.3418367346938775
oulad,entre_metodos,gradient_boosting|fold0,shap-lime,0.3061224489795918
oulad,entre_metodos,gradient_boosting|fold0,shap-permutation,0.5187074829931972
oulad,entre_metodos,gradient_boosting|fold0,lime-permutation,0.2704081632653061
oulad,entre_metodos,gradient_boosting|fold1,shap-lime,0.2772108843537414
oulad,entre_metodos,gradient_boosting|fold1,shap-permutation,0.6071428571428571
oulad,entre_metodos,gradient_boosting|fold1,lime-permutation,0.2925170068027211
oulad,entre_metodos,gradient_boosting|fold2,shap-lime,0.3299319727891156
oulad,entre_metodos,gradient_boosting|fold2,shap-permutation,0.3724489795918367
oulad,entre_metodos,gradient_boosting|fold2,lime-permutation,0.4438775510204081
oulad,entre_metodos,gradient_boosting|fold3,shap-lime,0.3265306122448979
oulad,entre_metodos,gradient_boosting|fold3,shap-permutation,0.48979591836734687
oulad,entre_metodos,gradient_boosting|fold3,lime-permutation,0.42176870748299317
oulad,entre_metodos,gradient_boosting|fold4,shap-lime,0.35544217687074825
oulad,entre_metodos,gradient_boosting|fold4,shap-permutation,0.5323129251700679
oulad,entre_metodos,gradient_boosting|fold4,lime-permutation,0.3163265306122448
oulad,entre_metodos,gradient_boosting|fold5,shap-lime,0.28401360544217685
oulad,entre_metodos,gradient_boosting|fold5,shap-permutation,0.5357142857142856
oulad,entre_metodos,gradient_boosting|fold5,lime-permutation,0.3095238095238095
oulad,entre_metodos,gradient_boosting|fold6,shap-lime,0.304421768707483
oulad,entre_metodos,gradient_boosting|fold6,shap-permutation,0.520408163265306
oulad,entre_metodos,gradient_boosting|fold6,lime-permutation,0.34523809523809523
oulad,entre_metodos,gradient_boosting|fold7,shap-lime,0.28911564625850333
oulad,entre_metodos,gradient_boosting|fold7,shap-permutation,0.596938775510204
oulad,entre_metodos,gradient_boosting|fold7,lime-permutation,0.20578231292517005
oulad,entre_metodos,gradient_boosting|fold8,shap-lime,0.3333333333333333
oulad,entre_metodos,gradient_boosting|fold8,shap-permutation,0.6241496598639455
oulad,entre_metodos,gradient_boosting|fold8,lime-permutation,0.2704081632653061
oulad,entre_metodos,gradient_boosting|fold9,shap-lime,0.2431972789115646
oulad,entre_metodos,gradient_boosting|fold9,shap-permutation,0.5017006802721088
oulad,entre_metodos,gradient_boosting|fold9,lime-permutation,0.18707482993197277
oulad,entre_metodos,logistic_regression|fold0,shap-lime,0.42687074829931965
oulad,entre_metodos,logistic_regression|fold0,shap-permutation,0.48809523809523797
oulad,entre_metodos,logistic_regression|fold0,lime-permutation,0.3537414965986394
oulad,entre_metodos,logistic_regression|fold1,shap-lime,0.4336734693877551
oulad,entre_metodos,logistic_regression|fold1,shap-permutation,0.6207482993197279
oulad,entre_metodos,logistic_regression|fold1,lime-permutation,0.5238095238095237
oulad,entre_metodos,logistic_regression|fold2,shap-lime,0.45578231292517
oulad,entre_metodos,logistic_regression|fold2,shap-permutation,0.5884353741496599
oulad,entre_metodos,logistic_regression|fold2,lime-permutation,0.5306122448979591
oulad,entre_metodos,logistic_regression|fold3,shap-lime,0.401360544217687
oulad,entre_metodos,logistic_regression|fold3,shap-permutation,0.6020408163265305
oulad,entre_metodos,logistic_regression|fold3,lime-permutation,0.5068027210884354
oulad,entre_metodos,logistic_regression|fold4,shap-lime,0.3962585034013605
oulad,entre_metodos,logistic_regression|fold4,shap-permutation,0.6003401360544217
oulad,entre_metodos,logistic_regression|fold4,lime-permutation,0.520408163265306
oulad,entre_metodos,logistic_regression|fold5,shap-lime,0.43537414965986393
oulad,entre_metodos,logistic_regression|fold5,shap-permutation,0.574829931972789
oulad,entre_metodos,logistic_regression|fold5,lime-permutation,0.43537414965986393
oulad,entre_metodos,logistic_regression|fold6,shap-lime,0.39115646258503395
oulad,entre_metodos,logistic_regression|fold6,shap-permutation,0.6258503401360543
oulad,entre_metodos,logistic_regression|fold6,lime-permutation,0.44217687074829926
oulad,entre_metodos,logistic_regression|fold7,shap-lime,0.4047619047619047
oulad,entre_metodos,logistic_regression|fold7,shap-permutation,0.6870748299319728
oulad,entre_metodos,logistic_regression|fold7,lime-permutation,0.4965986394557822
oulad,entre_metodos,logistic_regression|fold8,shap-lime,0.43537414965986393
oulad,entre_metodos,logistic_regression|fold8,shap-permutation,0.5357142857142856
oulad,entre_metodos,logistic_regression|fold8,lime-permutation,0.46088435374149656
oulad,entre_metodos,logistic_regression|fold9,shap-lime,0.44557823129251695
oulad,entre_metodos,logistic_regression|fold9,shap-permutation,0.6479591836734694
oulad,entre_metodos,logistic_regression|fold9,lime-permutation,0.586734693877551
oulad,entre_modelos,shap|fold0,random_forest-gradient_boosting,0.6258503401360543
oulad,entre_modelos,shap|fold0,random_forest-logistic_regression,0.6564625850340134
oulad,entre_modelos,shap|fold0,gradient_boosting-logistic_regression,0.6258503401360543
oulad,entre_modelos,shap|fold1,random_forest-gradient_boosting,0.6683673469387754
oulad,entre_modelos,shap|fold1,random_forest-logistic_regression,0.6904761904761905
oulad,entre_modelos,shap|fold1,gradient_boosting-logistic_regression,0.66156462585034
oulad,entre_modelos,shap|fold2,random_forest-gradient_boosting,0.6445578231292516
oulad,entre_modelos,shap|fold2,random_forest-logistic_regression,0.693877551020408
oulad,entre_modelos,shap|fold2,gradient_boosting-logistic_regression,0.6377551020408162
oulad,entre_modelos,shap|fold3,random_forest-gradient_boosting,0.6564625850340134
oulad,entre_modelos,shap|fold3,random_forest-logistic_regression,0.6819727891156462
oulad,entre_modelos,shap|fold3,gradient_boosting-logistic_regression,0.6343537414965985
oulad,entre_modelos,shap|fold4,random_forest-gradient_boosting,0.6598639455782312
oulad,entre_modelos,shap|fold4,random_forest-logistic_regression,0.7142857142857142
oulad,entre_modelos,shap|fold4,gradient_boosting-logistic_regression,0.6598639455782312
oulad,entre_modelos,shap|fold5,random_forest-gradient_boosting,0.6666666666666666
oulad,entre_modelos,shap|fold5,random_forest-logistic_regression,0.70578231292517
oulad,entre_modelos,shap|fold5,gradient_boosting-logistic_regression,0.6649659863945577
oulad,entre_modelos,shap|fold6,random_forest-gradient_boosting,0.6564625850340134
oulad,entre_modelos,shap|fold6,random_forest-logistic_regression,0.6972789115646257
oulad,entre_modelos,shap|fold6,gradient_boosting-logistic_regression,0.6598639455782312
oulad,entre_modelos,shap|fold7,random_forest-gradient_boosting,0.6377551020408162
oulad,entre_modelos,shap|fold7,random_forest-logistic_regression,0.693877551020408
oulad,entre_modelos,shap|fold7,gradient_boosting-logistic_regression,0.6581632653061223
oulad,entre_modelos,shap|fold8,random_forest-gradient_boosting,0.6530612244897958
oulad,entre_modelos,shap|fold8,random_forest-logistic_regression,0.6700680272108843
oulad,entre_modelos,shap|fold8,gradient_boosting-logistic_regression,0.6462585034013605
oulad,entre_modelos,shap|fold9,random_forest-gradient_boosting,0.6581632653061223
oulad,entre_modelos,shap|fold9,random_forest-logistic_regression,0.6887755102040816
oulad,entre_modelos,shap|fold9,gradient_boosting-logistic_regression,0.629251700680272
oulad,entre_modelos,lime|fold0,random_forest-gradient_boosting,0.4761904761904761
oulad,entre_modelos,lime|fold0,random_forest-logistic_regression,0.6445578231292516
oulad,entre_modelos,lime|fold0,gradient_boosting-logistic_regression,0.4064625850340135
oulad,entre_modelos,lime|fold1,random_forest-gradient_boosting,0.43027210884353734
oulad,entre_modelos,lime|fold1,random_forest-logistic_regression,0.6632653061224489
oulad,entre_modelos,lime|fold1,gradient_boosting-logistic_regression,0.34863945578231287
oulad,entre_modelos,lime|fold2,random_forest-gradient_boosting,0.49489795918367346
oulad,entre_modelos,lime|fold2,random_forest-logistic_regression,0.6768707482993196
oulad,entre_modelos,lime|fold2,gradient_boosting-logistic_regression,0.4200680272108843
oulad,entre_modelos,lime|fold3,random_forest-gradient_boosting,0.5884353741496599
oulad,entre_modelos,lime|fold3,random_forest-logistic_regression,0.651360544217687
oulad,entre_modelos,lime|fold3,gradient_boosting-logistic_regression,0.4982993197278911
oulad,entre_modelos,lime|fold4,random_forest-gradient_boosting,0.5102040816326531
oulad,entre_modelos,lime|fold4,random_forest-logistic_regression,0.6462585034013605
oulad,entre_modelos,lime|fold4,gradient_boosting-logistic_regression,0.4115646258503401
oulad,entre_modelos,lime|fold5,random_forest-gradient_boosting,0.4863945578231292
oulad,entre_modelos,lime|fold5,random_forest-logistic_regression,0.6224489795918366
oulad,entre_modelos,lime|fold5,gradient_boosting-logistic_regression,0.4693877551020407
oulad,entre_modelos,lime|fold6,random_forest-gradient_boosting,0.44557823129251695
oulad,entre_modelos,lime|fold6,random_forest-logistic_regression,0.6309523809523809
oulad,entre_modelos,lime|fold6,gradient_boosting-logistic_regression,0.35884353741496594
oulad,entre_modelos,lime|fold7,random_forest-gradient_boosting,0.49489795918367346
oulad,entre_modelos,lime|fold7,random_forest-logistic_regression,0.6598639455782312
oulad,entre_modelos,lime|fold7,gradient_boosting-logistic_regression,0.43027210884353734
oulad,entre_modelos,lime|fold8,random_forest-gradient_boosting,0.4200680272108843
oulad,entre_modelos,lime|fold8,random_forest-logistic_regression,0.66156462585034
oulad,entre_modelos,lime|fold8,gradient_boosting-logistic_regression,0.38775510204081626
oulad,entre_modelos,lime|fold9,random_forest-gradient_boosting,0.40306122448979587
oulad,entre_modelos,lime|fold9,random_forest-logistic_regression,0.6360544217687074
oulad,entre_modelos,lime|fold9,gradient_boosting-logistic_regression,0.3214285714285714
oulad,entre_modelos,permutation|fold0,random_forest-gradient_boosting,0.45238095238095233
oulad,entre_modelos,permutation|fold0,random_forest-logistic_regression,0.5306122448979591
oulad,entre_modelos,permutation|fold0,gradient_boosting-logistic_regression,0.3639455782312925
oulad,entre_modelos,permutation|fold1,random_forest-gradient_boosting,0.4336734693877551
oulad,entre_modelos,permutation|fold1,random_forest-logistic_regression,0.4149659863945578
oulad,entre_modelos,permutation|fold1,gradient_boosting-logistic_regression,0.49489795918367346
oulad,entre_modelos,permutation|fold2,random_forest-gradient_boosting,0.49489795918367346
oulad,entre_modelos,permutation|fold2,random_forest-logistic_regression,0.5085034013605442
oulad,entre_modelos,permutation|fold2,gradient_boosting-logistic_regression,0.43877551020408156
oulad,entre_modelos,permutation|fold3,random_forest-gradient_boosting,0.4693877551020407
oulad,entre_modelos,permutation|fold3,random_forest-logistic_regression,0.46428571428571425
oulad,entre_modelos,permutation|fold3,gradient_boosting-logistic_regression,0.3894557823129251
oulad,entre_modelos,permutation|fold4,random_forest-gradient_boosting,0.5374149659863945
oulad,entre_modelos,permutation|fold4,random_forest-logistic_regression,0.5850340136054422
oulad,entre_modelos,permutation|fold4,gradient_boosting-logistic_regression,0.47959183673469385
oulad,entre_modelos,permutation|fold5,random_forest-gradient_boosting,0.5391156462585033
oulad,entre_modelos,permutation|fold5,random_forest-logistic_regression,0.5357142857142856
oulad,entre_modelos,permutation|fold5,gradient_boosting-logistic_regression,0.5136054421768707
oulad,entre_modelos,permutation|fold6,random_forest-gradient_boosting,0.4693877551020407
oulad,entre_modelos,permutation|fold6,random_forest-logistic_regression,0.5136054421768707
oulad,entre_modelos,permutation|fold6,gradient_boosting-logistic_regression,0.44217687074829926
oulad,entre_modelos,permutation|fold7,random_forest-gradient_boosting,0.3843537414965986
oulad,entre_modelos,permutation|fold7,random_forest-logistic_regression,0.5306122448979591
oulad,entre_modelos,permutation|fold7,gradient_boosting-logistic_regression,0.49319727891156456
oulad,entre_modelos,permutation|fold8,random_forest-gradient_boosting,0.46598639455782304
oulad,entre_modelos,permutation|fold8,random_forest-logistic_regression,0.38775510204081626
oulad,entre_modelos,permutation|fold8,gradient_boosting-logistic_regression,0.44557823129251695
oulad,entre_modelos,permutation|fold9,random_forest-gradient_boosting,0.43537414965986393
oulad,entre_modelos,permutation|fold9,random_forest-logistic_regression,0.5306122448979591
oulad,entre_modelos,permutation|fold9,gradient_boosting-logistic_regression,0.3605442176870748
rice,entre_folds,random_forest|shap,0-1,1.0
rice,entre_folds,random_forest|shap,0-2,1.0
rice,entre_folds,random_forest|shap,0-3,1.0
rice,entre_folds,random_forest|shap,0-4,1.0
rice,entre_folds,random_forest|shap,0-5,1.0
rice,entre_folds,random_forest|shap,0-6,0.9047619047619049
rice,entre_folds,random_forest|shap,0-7,1.0
rice,entre_folds,random_forest|shap,0-8,1.0
rice,entre_folds,random_forest|shap,0-9,1.0
rice,entre_folds,random_forest|shap,1-2,1.0
rice,entre_folds,random_forest|shap,1-3,1.0
rice,entre_folds,random_forest|shap,1-4,1.0
rice,entre_folds,random_forest|shap,1-5,1.0
rice,entre_folds,random_forest|shap,1-6,0.9047619047619049
rice,entre_folds,random_forest|shap,1-7,1.0
rice,entre_folds,random_forest|shap,1-8,1.0
rice,entre_folds,random_forest|shap,1-9,1.0
rice,entre_folds,random_forest|shap,2-3,1.0
rice,entre_folds,random_forest|shap,2-4,1.0
rice,entre_folds,random_forest|shap,2-5,1.0
rice,entre_folds,random_forest|shap,2-6,0.9047619047619049
rice,entre_folds,random_forest|shap,2-7,1.0
rice,entre_folds,random_forest|shap,2-8,1.0
rice,entre_folds,random_forest|shap,2-9,1.0
rice,entre_folds,random_forest|shap,3-4,1.0
rice,entre_folds,random_forest|shap,3-5,1.0
rice,entre_folds,random_forest|shap,3-6,0.9047619047619049
rice,entre_folds,random_forest|shap,3-7,1.0
rice,entre_folds,random_forest|shap,3-8,1.0
rice,entre_folds,random_forest|shap,3-9,1.0
rice,entre_folds,random_forest|shap,4-5,1.0
rice,entre_folds,random_forest|shap,4-6,0.9047619047619049
rice,entre_folds,random_forest|shap,4-7,1.0
rice,entre_folds,random_forest|shap,4-8,1.0
rice,entre_folds,random_forest|shap,4-9,1.0
rice,entre_folds,random_forest|shap,5-6,0.9047619047619049
rice,entre_folds,random_forest|shap,5-7,1.0
rice,entre_folds,random_forest|shap,5-8,1.0
rice,entre_folds,random_forest|shap,5-9,1.0
rice,entre_folds,random_forest|shap,6-7,0.9047619047619049
rice,entre_folds,random_forest|shap,6-8,0.9047619047619049
rice,entre_folds,random_forest|shap,6-9,0.9047619047619049
rice,entre_folds,random_forest|shap,7-8,1.0
rice,entre_folds,random_forest|shap,7-9,1.0
rice,entre_folds,random_forest|shap,8-9,1.0
rice,entre_folds,random_forest|lime,0-1,1.0
rice,entre_folds,random_forest|lime,0-2,1.0
rice,entre_folds,random_forest|lime,0-3,1.0
rice,entre_folds,random_forest|lime,0-4,0.9047619047619049
rice,entre_folds,random_forest|lime,0-5,0.9047619047619049
rice,entre_folds,random_forest|lime,0-6,1.0
rice,entre_folds,random_forest|lime,0-7,1.0
rice,entre_folds,random_forest|lime,0-8,1.0
rice,entre_folds,random_forest|lime,0-9,1.0
rice,entre_folds,random_forest|lime,1-2,1.0
rice,entre_folds,random_forest|lime,1-3,1.0
rice,entre_folds,random_forest|lime,1-4,0.9047619047619049
rice,entre_folds,random_forest|lime,1-5,0.9047619047619049
rice,entre_folds,random_forest|lime,1-6,1.0
rice,entre_folds,random_forest|lime,1-7,1.0
rice,entre_folds,random_forest|lime,1-8,1.0
rice,entre_folds,random_forest|lime,1-9,1.0
rice,entre_folds,random_forest|lime,2-3,1.0
rice,entre_folds,random_forest|lime,2-4,0.9047619047619049
rice,entre_folds,random_forest|lime,2-5,0.9047619047619049
rice,entre_folds,random_forest|lime,2-6,1.0
rice,entre_folds,random_forest|lime,2-7,1.0
rice,entre_folds,random_forest|lime,2-8,1.0
rice,entre_folds,random_forest|lime,2-9,1.0
rice,entre_folds,random_forest|lime,3-4,0.9047619047619049
rice,entre_folds,random_forest|lime,3-5,0.9047619047619049
rice,entre_folds,random_forest|lime,3-6,1.0
rice,entre_folds,random_forest|lime,3-7,1.0
rice,entre_folds,random_forest|lime,3-8,1.0
rice,entre_folds,random_forest|lime,3-9,1.0
rice,entre_folds,random_forest|lime,4-5,1.0
rice,entre_folds,random_forest|lime,4-6,0.9047619047619049
rice,entre_folds,random_forest|lime,4-7,0.9047619047619049
rice,entre_folds,random_forest|lime,4-8,0.9047619047619049
rice,entre_folds,random_forest|lime,4-9,0.9047619047619049
rice,entre_folds,random_forest|lime,5-6,0.9047619047619049
rice,entre_folds,random_forest|lime,5-7,0.9047619047619049
rice,entre_folds,random_forest|lime,5-8,0.9047619047619049
rice,entre_folds,random_forest|lime,5-9,0.9047619047619049
rice,entre_folds,random_forest|lime,6-7,1.0
rice,entre_folds,random_forest|lime,6-8,1.0
rice,entre_folds,random_forest|lime,6-9,1.0
rice,entre_folds,random_forest|lime,7-8,1.0
rice,entre_folds,random_forest|lime,7-9,1.0
rice,entre_folds,random_forest|lime,8-9,1.0
rice,entre_folds,random_forest|permutation,0-1,0.9047619047619049
rice,entre_folds,random_forest|permutation,0-2,0.9047619047619049
rice,entre_folds,random_forest|permutation,0-3,0.4285714285714286
rice,entre_folds,random_forest|permutation,0-4,0.7142857142857143
rice,entre_folds,random_forest|permutation,0-5,1.0
rice,entre_folds,random_forest|permutation,0-6,0.6190476190476191
rice,entre_folds,random_forest|permutation,0-7,0.9047619047619049
rice,entre_folds,random_forest|permutation,0-8,0.7142857142857143
rice,entre_folds,random_forest|permutation,0-9,0.9047619047619049
rice,entre_folds,random_forest|permutation,1-2,0.8095238095238096
rice,entre_folds,random_forest|permutation,1-3,0.5238095238095238
rice,entre_folds,random_forest|permutation,1-4,0.6190476190476191
rice,entre_folds,random_forest|permutation,1-5,0.9047619047619049
rice,entre_folds,random_forest|permutation,1-6,0.7142857142857143
rice,entre_folds,random_forest|permutation,1-7,1.0
rice,entre_folds,random_forest|permutation,1-8,0.8095238095238096
rice,entre_folds,random_forest|permutation,1-9,1.0
rice,entre_folds,random_forest|permutation,2-3,0.33333333333333337
rice,entre_folds,random_forest|permutation,2-4,0.6190476190476191
rice,entre_folds,random_forest|permutation,2-5,0.9047619047619049
rice,entre_folds,random_forest|permutation,2-6,0.5238095238095238
rice,entre_folds,random_forest|permutation,2-7,0.8095238095238096
rice,entre_folds,random_forest|permutation,2-8,0.6190476190476191
rice,entre_folds,random_forest|permutation,2-9,0.8095238095238096
rice,entre_folds,random_forest|permutation,3-4,0.5238095238095238
rice,entre_folds,random_forest|permutation,3-5,0.4285714285714286
rice,entre_folds,random_forest|permutation,3-6,0.6190476190476191
rice,entre_folds,random_forest|permutation,3-7,0.5238095238095238
rice,entre_folds,random_forest|permutation,3-8,0.7142857142857143
rice,entre_folds,random_forest|permutation,3-9,0.5238095238095238
rice,entre_folds,random_forest|permutation,4-5,0.7142857142857143
rice,entre_folds,random_forest|permutation,4-6,0.9047619047619049
rice,entre_folds,random_forest|permutation,4-7,0.6190476190476191
rice,entre_folds,random_forest|permutation,4-8,0.8095238095238096
rice,entre_folds,random_forest|permutation,4-9,0.6190476190476191
rice,entre_folds,random_forest|permutation,5-6,0.6190476190476191
rice,entre_folds,random_forest|permutation,5-7,0.9047619047619049
rice,entre_folds,random_forest|permutation,5-8,0.7142857142857143
rice,entre_folds,random_forest|permutation,5-9,0.9047619047619049
rice,entre_folds,random_forest|permutation,6-7,0.7142857142857143
rice,entre_folds,random_forest|permutation,6-8,0.9047619047619049
rice,entre_folds,random_forest|permutation,6-9,0.7142857142857143
rice,entre_folds,random_forest|permutation,7-8,0.8095238095238096
rice,entre_folds,random_forest|permutation,7-9,1.0
rice,entre_folds,random_forest|permutation,8-9,0.8095238095238096
rice,entre_folds,gradient_boosting|shap,0-1,0.8095238095238096
rice,entre_folds,gradient_boosting|shap,0-2,0.8095238095238096
rice,entre_folds,gradient_boosting|shap,0-3,0.9047619047619049
rice,entre_folds,gradient_boosting|shap,0-4,0.9047619047619049
rice,entre_folds,gradient_boosting|shap,0-5,0.8095238095238096
rice,entre_folds,gradient_boosting|shap,0-6,0.8095238095238096
rice,entre_folds,gradient_boosting|shap,0-7,0.9047619047619049
rice,entre_folds,gradient_boosting|shap,0-8,0.9047619047619049
rice,entre_folds,gradient_boosting|shap,0-9,0.7142857142857143
rice,entre_folds,gradient_boosting|shap,1-2,0.8095238095238096
rice,entre_folds,gradient_boosting|shap,1-3,0.9047619047619049
rice,entre_folds,gradient_boosting|shap,1-4,0.9047619047619049
rice,entre_folds,gradient_boosting|shap,1-5,0.8095238095238096
rice,entre_folds,gradient_boosting|shap,1-6,0.8095238095238096
rice,entre_folds,gradient_boosting|shap,1-7,0.9047619047619049
rice,entre_folds,gradient_boosting|shap,1-8,0.9047619047619049
rice,entre_folds,gradient_boosting|shap,1-9,0.7142857142857143
rice,entre_folds,gradient_boosting|shap,2-3,0.9047619047619049
rice,entre_folds,gradient_boosting|shap,2-4,0.9047619047619049
rice,entre_folds,gradient_boosting|shap,2-5,0.6190476190476191
rice,entre_folds,gradient_boosting|shap,2-6,0.8095238095238096
rice,entre_folds,gradient_boosting|shap,2-7,0.9047619047619049
rice,entre_folds,gradient_boosting|shap,2-8,0.9047619047619049
rice,entre_folds,gradient_boosting|shap,2-9,0.9047619047619049
rice,entre_folds,gradient_boosting|shap,3-4,1.0
rice,entre_folds,gradient_boosting|shap,3-5,0.7142857142857143
rice,entre_folds,gradient_boosting|shap,3-6,0.9047619047619049
rice,entre_folds,gradient_boosting|shap,3-7,1.0
rice,entre_folds,gradient_boosting|shap,3-8,1.0
rice,entre_folds,gradient_boosting|shap,3-9,0.8095238095238096
rice,entre_folds,gradient_boosting|shap,4-5,0.7142857142857143
rice,entre_folds,gradient_boosting|shap,4-6,0.9047619047619049
rice,entre_folds,gradient_boosting|shap,4-7,1.0
rice,entre_folds,gradient_boosting|shap,4-8,1.0
rice,entre_folds,gradient_boosting|shap,4-9,0.8095238095238096
rice,entre_folds,gradient_boosting|shap,5-6,0.6190476190476191
rice,entre_folds,gradient_boosting|shap,5-7,0.7142857142857143
rice,entre_folds,gradient_boosting|shap,5-8,0.7142857142857143
rice,entre_folds,gradient_boosting|shap,5-9,0.5238095238095238
rice,entre_folds,gradient_boosting|shap,6-7,0.9047619047619049
rice,entre_folds,gradient_boosting|shap,6-8,0.9047619047619049
rice,entre_folds,gradient_boosting|shap,6-9,0.9047619047619049
rice,entre_folds,gradient_boosting|shap,7-8,1.0
rice,entre_folds,gradient_boosting|shap,7-9,0.8095238095238096
rice,entre_folds,gradient_boosting|shap,8-9,0.8095238095238096
rice,entre_folds,gradient_boosting|lime,0-1,1.0
rice,entre_folds,gradient_boosting|lime,0-2,1.0
rice,entre_folds,gradient_boosting|lime,0-3,1.0
rice,entre_folds,gradient_boosting|lime,0-4,1.0
rice,entre_folds,gradient_boosting|lime,0-5,0.9047619047619049
rice,entre_folds,gradient_boosting|lime,0-6,1.0
rice,entre_folds,gradient_boosting|lime,0-7,0.9047619047619049
rice,entre_folds,gradient_boosting|lime,0-8,0.9047619047619049
rice,entre_folds,gradient_boosting|lime,0-9,1.0
rice,entre_folds,gradient_boosting|lime,1-2,1.0
rice,entre_folds,gradient_boosting|lime,1-3,1.0
rice,entre_folds,gradient_boosting|lime,1-4,1.0
rice,entre_folds,gradient_boosting|lime,1-5,0.9047619047619049
rice,entre_folds,gradient_boosting|lime,1-6,1.0
rice,entre_folds,gradient_boosting|lime,1-7,0.9047619047619049
rice,entre_folds,gradient_boosting|lime,1-8,0.9047619047619049
rice,entre_folds,gradient_boosting|lime,1-9,1.0
rice,entre_folds,gradient_boosting|lime,2-3,1.0
rice,entre_folds,gradient_boosting|lime,2-4,1.0
rice,entre_folds,gradient_boosting|lime,2-5,0.9047619047619049
rice,entre_folds,gradient_boosting|lime,2-6,1.0
rice,entre_folds,gradient_boosting|lime,2-7,0.9047619047619049
rice,entre_folds,gradient_boosting|lime,2-8,0.9047619047619049
rice,entre_folds,gradient_boosting|lime,2-9,1.0
rice,entre_folds,gradient_boosting|lime,3-4,1.0
rice,entre_folds,gradient_boosting|lime,3-5,0.9047619047619049
rice,entre_folds,gradient_boosting|lime,3-6,1.0
rice,entre_folds,gradient_boosting|lime,3-7,0.9047619047619049
rice,entre_folds,gradient_boosting|lime,3-8,0.9047619047619049
rice,entre_folds,gradient_boosting|lime,3-9,1.0
rice,entre_folds,gradient_boosting|lime,4-5,0.9047619047619049
rice,entre_folds,gradient_boosting|lime,4-6,1.0
rice,entre_folds,gradient_boosting|lime,4-7,0.9047619047619049
rice,entre_folds,gradient_boosting|lime,4-8,0.9047619047619049
rice,entre_folds,gradient_boosting|lime,4-9,1.0
rice,entre_folds,gradient_boosting|lime,5-6,0.9047619047619049
rice,entre_folds,gradient_boosting|lime,5-7,0.8095238095238096
rice,entre_folds,gradient_boosting|lime,5-8,0.8095238095238096
rice,entre_folds,gradient_boosting|lime,5-9,0.9047619047619049
rice,entre_folds,gradient_boosting|lime,6-7,0.9047619047619049
rice,entre_folds,gradient_boosting|lime,6-8,0.9047619047619049
rice,entre_folds,gradient_boosting|lime,6-9,1.0
rice,entre_folds,gradient_boosting|lime,7-8,1.0
rice,entre_folds,gradient_boosting|lime,7-9,0.9047619047619049
rice,entre_folds,gradient_boosting|lime,8-9,0.9047619047619049
rice,entre_folds,gradient_boosting|permutation,0-1,0.9047619047619049
rice,entre_folds,gradient_boosting|permutation,0-2,0.8095238095238096
rice,entre_folds,gradient_boosting|permutation,0-3,0.8095238095238096
rice,entre_folds,gradient_boosting|permutation,0-4,0.6190476190476191
rice,entre_folds,gradient_boosting|permutation,0-5,0.9047619047619049
rice,entre_folds,gradient_boosting|permutation,0-6,0.6190476190476191
rice,entre_folds,gradient_boosting|permutation,0-7,0.7142857142857143
rice,entre_folds,gradient_boosting|permutation,0-8,0.8095238095238096
rice,entre_folds,gradient_boosting|permutation,0-9,0.8095238095238096
rice,entre_folds,gradient_boosting|permutation,1-2,0.7142857142857143
rice,entre_folds,gradient_boosting|permutation,1-3,0.7142857142857143
rice,entre_folds,gradient_boosting|permutation,1-4,0.7142857142857143
rice,entre_folds,gradient_boosting|permutation,1-5,0.8095238095238096
rice,entre_folds,gradient_boosting|permutation,1-6,0.7142857142857143
rice,entre_folds,gradient_boosting|permutation,1-7,0.6190476190476191
rice,entre_folds,gradient_boosting|permutation,1-8,0.7142857142857143
rice,entre_folds,gradient_boosting|permutation,1-9,0.7142857142857143
rice,entre_folds,gradient_boosting|permutation,2-3,1.0
rice,entre_folds,gradient_boosting|permutation,2-4,0.8095238095238096
rice,entre_folds,gradient_boosting|permutation,2-5,0.9047619047619049
rice,entre_folds,gradient_boosting|permutation,2-6,0.8095238095238096
rice,entre_folds,gradient_boosting|permutation,2-7,0.7142857142857143
rice,entre_folds,gradient_boosting|permutation,2-8,1.0
rice,entre_folds,gradient_boosting|permutation,2-9,1.0
rice,entre_folds,gradient_boosting|permutation,3-4,0.8095238095238096
rice,entre_folds,gradient_boosting|permutation,3-5,0.9047619047619049
rice,entre_folds,gradient_boosting|permutation,3-6,0.8095238095238096
rice,entre_folds,gradient_boosting|permutation,3-7,0.7142857142857143
rice,entre_folds,gradient_boosting|permutation,3-8,1.0
rice,entre_folds,gradient_boosting|permutation,3-9,1.0
rice,entre_folds,gradient_boosting|permutation,4-5,0.7142857142857143
rice,entre_folds,gradient_boosting|permutation,4-6,1.0
rice,entre_folds,gradient_boosting|permutation,4-7,0.7142857142857143
rice,entre_folds,gradient_boosting|permutation,4-8,0.8095238095238096
rice,entre_folds,gradient_boosting|permutation,4-9,0.8095238095238096
rice,entre_folds,gradient_boosting|permutation,5-6,0.7142857142857143
rice,entre_folds,gradient_boosting|permutation,5-7,0.6190476190476191
rice,entre_folds,gradient_boosting|permutation,5-8,0.9047619047619049
rice,entre_folds,gradient_boosting|permutation,5-9,0.9047619047619049
rice,entre_folds,gradient_boosting|permutation,6-7,0.7142857142857143
rice,entre_folds,gradient_boosting|permutation,6-8,0.8095238095238096
rice,entre_folds,gradient_boosting|permutation,6-9,0.8095238095238096
rice,entre_folds,gradient_boosting|permutation,7-8,0.7142857142857143
rice,entre_folds,gradient_boosting|permutation,7-9,0.7142857142857143
rice,entre_folds,gradient_boosting|permutation,8-9,1.0
rice,entre_folds,logistic_regression|shap,0-1,0.9047619047619049
rice,entre_folds,logistic_regression|shap,0-2,0.9047619047619049
rice,entre_folds,logistic_regression|shap,0-3,1.0
rice,entre_folds,logistic_regression|shap,0-4,0.7142857142857143
rice,entre_folds,logistic_regression|shap,0-5,0.9047619047619049
rice,entre_folds,logistic_regression|shap,0-6,0.9047619047619049
rice,entre_folds,logistic_regression|shap,0-7,0.8095238095238096
rice,entre_folds,logistic_regression|shap,0-8,0.9047619047619049
rice,entre_folds,logistic_regression|shap,0-9,0.9047619047619049
rice,entre_folds,logistic_regression|shap,1-2,1.0
rice,entre_folds,logistic_regression|shap,1-3,0.9047619047619049
rice,entre_folds,logistic_regression|shap,1-4,0.8095238095238096
rice,entre_folds,logistic_regression|shap,1-5,1.0
rice,entre_folds,logistic_regression|shap,1-6,1.0
rice,entre_folds,logistic_regression|shap,1-7,0.9047619047619049
rice,entre_folds,logistic_regression|shap,1-8,1.0
rice,entre_folds,logistic_regression|shap,1-9,1.0
rice,entre_folds,logistic_regression|shap,2-3,0.9047619047619049
rice,entre_folds,logistic_regression|shap,2-4,0.8095238095238096
rice,entre_folds,logistic_regression|shap,2-5,1.0
rice,entre_folds,logistic_regression|shap,2-6,1.0
rice,entre_folds,logistic_regression|shap,2-7,0.9047619047619049
rice,entre_folds,logistic_regression|shap,2-8,1.0
rice,entre_folds,logistic_regression|shap,2-9,1.0
rice,entre_folds,logistic_regression|shap,3-4,0.7142857142857143
rice,entre_folds,logistic_regression|shap,3-5,0.9047619047619049
rice,entre_folds,logistic_regression|shap,3-6,0.9047619047619049
rice,entre_folds,logistic_regression|shap,3-7,0.8095238095238096
rice,entre_folds,logistic_regression|shap,3-8,0.9047619047619049
rice,entre_folds,logistic_regression|shap,3-9,0.9047619047619049
rice,entre_folds,logistic_regression|shap,4-5,0.8095238095238096
rice,entre_folds,logistic_regression|shap,4-6,0.8095238095238096
rice,entre_folds,logistic_regression|shap,4-7,0.9047619047619049
rice,entre_folds,logistic_regression|shap,4-8,0.8095238095238096
rice,entre_folds,logistic_regression|shap,4-9,0.8095238095238096
rice,entre_folds,logistic_regression|shap,5-6,1.0
rice,entre_folds,logistic_regression|shap,5-7,0.9047619047619049
rice,entre_folds,logistic_regression|shap,5-8,1.0
rice,entre_folds,logistic_regression|shap,5-9,1.0
rice,entre_folds,logistic_regression|shap,6-7,0.9047619047619049
rice,entre_folds,logistic_regression|shap,6-8,1.0
rice,entre_folds,logistic_regression|shap,6-9,1.0
rice,entre_folds,logistic_regression|shap,7-8,0.9047619047619049
rice,entre_folds,logistic_regression|shap,7-9,0.9047619047619049
rice,entre_folds,logistic_regression|shap,8-9,1.0
rice,entre_folds,logistic_regression|lime,0-1,0.9047619047619049
rice,entre_folds,logistic_regression|lime,0-2,0.9047619047619049
rice,entre_folds,logistic_regression|lime,0-3,1.0
rice,entre_folds,logistic_regression|lime,0-4,0.9047619047619049
rice,entre_folds,logistic_regression|lime,0-5,0.9047619047619049
rice,entre_folds,logistic_regression|lime,0-6,0.9047619047619049
rice,entre_folds,logistic_regression|lime,0-7,0.9047619047619049
rice,entre_folds,logistic_regression|lime,0-8,0.9047619047619049
rice,entre_folds,logistic_regression|lime,0-9,0.9047619047619049
rice,entre_folds,logistic_regression|lime,1-2,1.0
rice,entre_folds,logistic_regression|lime,1-3,0.9047619047619049
rice,entre_folds,logistic_regression|lime,1-4,1.0
rice,entre_folds,logistic_regression|lime,1-5,1.0
rice,entre_folds,logistic_regression|lime,1-6,1.0
rice,entre_folds,logistic_regression|lime,1-7,1.0
rice,entre_folds,logistic_regression|lime,1-8,1.0
rice,entre_folds,logistic_regression|lime,1-9,1.0
rice,entre_folds,logistic_regression|lime,2-3,0.9047619047619049
rice,entre_folds,logistic_regression|lime,2-4,1.0
rice,entre_folds,logistic_regression|lime,2-5,1.0
rice,entre_folds,logistic_regression|lime,2-6,1.0
rice,entre_folds,logistic_regression|lime,2-7,1.0
rice,entre_folds,logistic_regression|lime,2-8,1.0
rice,entre_folds,logistic_regression|lime,2-9,1.0
rice,entre_folds,logistic_regression|lime,3-4,0.9047619047619049
rice,entre_folds,logistic_regression|lime,3-5,0.9047619047619049
rice,entre_folds,logistic_regression|lime,3-6,0.9047619047619049
rice,entre_folds,logistic_regression|lime,3-7,0.9047619047619049
rice,entre_folds,logistic_regression|lime,3-8,0.9047619047619049
rice,entre_folds,logistic_regression|lime,3-9,0.9047619047619049
rice,entre_folds,logistic_regression|lime,4-5,1.0
rice,entre_folds,logistic_regression|lime,4-6,1.0
rice,entre_folds,logistic_regression|lime,4-7,1.0
rice,entre_folds,logistic_regression|lime,4-8,1.0
rice,entre_folds,logistic_regression|lime,4-9,1.0
rice,entre_folds,logistic_regression|lime,5-6,1.0
rice,entre_folds,logistic_regression|lime,5-7,1.0
rice,entre_folds,logistic_regression|lime,5-8,1.0
rice,entre_folds,logistic_regression|lime,5-9,1.0
rice,entre_folds,logistic_regression|lime,6-7,1.0
rice,entre_folds,logistic_regression|lime,6-8,1.0
rice,entre_folds,logistic_regression|lime,6-9,1.0
rice,entre_folds,logistic_regression|lime,7-8,1.0
rice,entre_folds,logistic_regression|lime,7-9,1.0
rice,entre_folds,logistic_regression|lime,8-9,1.0
rice,entre_folds,logistic_regression|permutation,0-1,0.9047619047619049
rice,entre_folds,logistic_regression|permutation,0-2,0.9047619047619049
rice,entre_folds,logistic_regression|permutation,0-3,0.8095238095238096
rice,entre_folds,logistic_regression|permutation,0-4,0.9047619047619049
rice,entre_folds,logistic_regression|permutation,0-5,0.9047619047619049
rice,entre_folds,logistic_regression|permutation,0-6,0.9047619047619049
rice,entre_folds,logistic_regression|permutation,0-7,0.8095238095238096
rice,entre_folds,logistic_regression|permutation,0-8,0.8095238095238096
rice,entre_folds,logistic_regression|permutation,0-9,0.9047619047619049
rice,entre_folds,logistic_regression|permutation,1-2,1.0
rice,entre_folds,logistic_regression|permutation,1-3,0.7142857142857143
rice,entre_folds,logistic_regression|permutation,1-4,1.0
rice,entre_folds,logistic_regression|permutation,1-5,1.0
rice,entre_folds,logistic_regression|permutation,1-6,1.0
rice,entre_folds,logistic_regression|permutation,1-7,0.9047619047619049
rice,entre_folds,logistic_regression|permutation,1-8,0.9047619047619049
rice,entre_folds,logistic_regression|permutation,1-9,1.0
rice,entre_folds,logistic_regression|permutation,2-3,0.7142857142857143
rice,entre_folds,logistic_regression|permutation,2-4,1.0
rice,entre_folds,logistic_regression|permutation,2-5,1.0
rice,entre_folds,logistic_regression|permutation,2-6,1.0
rice,entre_folds,logistic_regression|permutation,2-7,0.9047619047619049
rice,entre_folds,logistic_regression|permutation,2-8,0.9047619047619049
rice,entre_folds,logistic_regression|permutation,2-9,1.0
rice,entre_folds,logistic_regression|permutation,3-4,0.7142857142857143
rice,entre_folds,logistic_regression|permutation,3-5,0.7142857142857143
rice,entre_folds,logistic_regression|permutation,3-6,0.7142857142857143
rice,entre_folds,logistic_regression|permutation,3-7,0.6190476190476191
rice,entre_folds,logistic_regression|permutation,3-8,0.6190476190476191
rice,entre_folds,logistic_regression|permutation,3-9,0.7142857142857143
rice,entre_folds,logistic_regression|permutation,4-5,1.0
rice,entre_folds,logistic_regression|permutation,4-6,1.0
rice,entre_folds,logistic_regression|permutation,4-7,0.9047619047619049
rice,entre_folds,logistic_regression|permutation,4-8,0.9047619047619049
rice,entre_folds,logistic_regression|permutation,4-9,1.0
rice,entre_folds,logistic_regression|permutation,5-6,1.0
rice,entre_folds,logistic_regression|permutation,5-7,0.9047619047619049
rice,entre_folds,logistic_regression|permutation,5-8,0.9047619047619049
rice,entre_folds,logistic_regression|permutation,5-9,1.0
rice,entre_folds,logistic_regression|permutation,6-7,0.9047619047619049
rice,entre_folds,logistic_regression|permutation,6-8,0.9047619047619049
rice,entre_folds,logistic_regression|permutation,6-9,1.0
rice,entre_folds,logistic_regression|permutation,7-8,0.8095238095238096
rice,entre_folds,logistic_regression|permutation,7-9,0.9047619047619049
rice,entre_folds,logistic_regression|permutation,8-9,0.9047619047619049
rice,entre_metodos,random_forest|fold0,shap-lime,0.6190476190476191
rice,entre_metodos,random_forest|fold0,shap-permutation,1.0
rice,entre_metodos,random_forest|fold0,lime-permutation,0.6190476190476191
rice,entre_metodos,random_forest|fold1,shap-lime,0.6190476190476191
rice,entre_metodos,random_forest|fold1,shap-permutation,0.9047619047619049
rice,entre_metodos,random_forest|fold1,lime-permutation,0.5238095238095238
rice,entre_metodos,random_forest|fold2,shap-lime,0.6190476190476191
rice,entre_metodos,random_forest|fold2,shap-permutation,0.9047619047619049
rice,entre_metodos,random_forest|fold2,lime-permutation,0.7142857142857143
rice,entre_metodos,random_forest|fold3,shap-lime,0.6190476190476191
rice,entre_metodos,random_forest|fold3,shap-permutation,0.4285714285714286
rice,entre_metodos,random_forest|fold3,lime-permutation,0.4285714285714286
rice,entre_metodos,random_forest|fold4,shap-lime,0.5238095238095238
rice,entre_metodos,random_forest|fold4,shap-permutation,0.7142857142857143
rice,entre_metodos,random_forest|fold4,lime-permutation,0.23809523809523814
rice,entre_metodos,random_forest|fold5,shap-lime,0.5238095238095238
rice,entre_metodos,random_forest|fold5,shap-permutation,1.0
rice,entre_metodos,random_forest|fold5,lime-permutation,0.5238095238095238
rice,entre_metodos,random_forest|fold6,shap-lime,0.5238095238095238
rice,entre_metodos,random_forest|fold6,shap-permutation,0.7142857142857143
rice,entre_metodos,random_forest|fold6,lime-permutation,0.23809523809523814
rice,entre_metodos,random_forest|fold7,shap-lime,0.6190476190476191
rice,entre_metodos,random_forest|fold7,shap-permutation,0.9047619047619049
rice,entre_metodos,random_forest|fold7,lime-permutation,0.5238095238095238
rice,entre_metodos,random_forest|fold8,shap-lime,0.6190476190476191
rice,entre_metodos,random_forest|fold8,shap-permutation,0.7142857142857143
rice,entre_metodos,random_forest|fold8,lime-permutation,0.33333333333333337
rice,entre_metodos,random_forest|fold9,shap-lime,0.6190476190476191
rice,entre_metodos,random_forest|fold9,shap-permutation,0.9047619047619049
rice,entre_metodos,random_forest|fold9,lime-permutation,0.5238095238095238
rice,entre_metodos,gradient_boosting|fold0,shap-lime,0.14285714285714288
rice,entre_metodos,gradient_boosting|fold0,shap-permutation,0.7142857142857143
rice,entre_metodos,gradient_boosting|fold0,lime-permutation,0.4285714285714286
rice,entre_metodos,gradient_boosting|fold1,shap-lime,0.14285714285714288
rice,entre_metodos,gradient_boosting|fold1,shap-permutation,0.8095238095238096
rice,entre_metodos,gradient_boosting|fold1,lime-permutation,0.33333333333333337
rice,entre_metodos,gradient_boosting|fold2,shap-lime,0.33333333333333337
rice,entre_metodos,gradient_boosting|fold2,shap-permutation,0.7142857142857143
rice,entre_metodos,gradient_boosting|fold2,lime-permutation,0.4285714285714286
rice,entre_metodos,gradient_boosting|fold3,shap-lime,0.23809523809523814
rice,entre_metodos,gradient_boosting|fold3,shap-permutation,0.8095238095238096
rice,entre_metodos,gradient_boosting|fold3,lime-permutation,0.4285714285714286
rice,entre_metodos,gradient_boosting|fold4,shap-lime,0.23809523809523814
rice,entre_metodos,gradient_boosting|fold4,shap-permutation,0.8095238095238096
rice,entre_metodos,gradient_boosting|fold4,lime-permutation,0.23809523809523814
rice,entre_metodos,gradient_boosting|fold5,shap-lime,0.04761904761904762
rice,entre_metodos,gradient_boosting|fold5,shap-permutation,0.6190476190476191
rice,entre_metodos,gradient_boosting|fold5,lime-permutation,0.23809523809523814
rice,entre_metodos,gradient_boosting|fold6,shap-lime,0.33333333333333337
rice,entre_metodos,gradient_boosting|fold6,shap-permutation,0.7142857142857143
rice,entre_metodos,gradient_boosting|fold6,lime-permutation,0.23809523809523814
rice,entre_metodos,gradient_boosting|fold7,shap-lime,0.33333333333333337
rice,entre_metodos,gradient_boosting|fold7,shap-permutation,0.5238095238095238
rice,entre_metodos,gradient_boosting|fold7,lime-permutation,0.23809523809523814
rice,entre_metodos,gradient_boosting|fold8,shap-lime,0.33333333333333337
rice,entre_metodos,gradient_boosting|fold8,shap-permutation,0.8095238095238096
rice,entre_metodos,gradient_boosting|fold8,lime-permutation,0.33333333333333337
rice,entre_metodos,gradient_boosting|fold9,shap-lime,0.4285714285714286
rice,entre_metodos,gradient_boosting|fold9,shap-permutation,0.8095238095238096
rice,entre_metodos,gradient_boosting|fold9,lime-permutation,0.4285714285714286
rice,entre_metodos,logistic_regression|fold0,shap-lime,0.04761904761904762
rice,entre_metodos,logistic_regression|fold0,shap-permutation,1.0
rice,entre_metodos,logistic_regression|fold0,lime-permutation,0.04761904761904762
rice,entre_metodos,logistic_regression|fold1,shap-lime,0.04761904761904762
rice,entre_metodos,logistic_regression|fold1,shap-permutation,1.0
rice,entre_metodos,logistic_regression|fold1,lime-permutation,0.04761904761904762
rice,entre_metodos,logistic_regression|fold2,shap-lime,0.04761904761904762
rice,entre_metodos,logistic_regression|fold2,shap-permutation,1.0
rice,entre_metodos,logistic_regression|fold2,lime-permutation,0.04761904761904762
rice,entre_metodos,logistic_regression|fold3,shap-lime,0.04761904761904762
rice,entre_metodos,logistic_regression|fold3,shap-permutation,0.8095238095238096
rice,entre_metodos,logistic_regression|fold3,lime-permutation,0.04761904761904762
rice,entre_metodos,logistic_regression|fold4,shap-lime,-0.14285714285714288
rice,entre_metodos,logistic_regression|fold4,shap-permutation,0.8095238095238096
rice,entre_metodos,logistic_regression|fold4,lime-permutation,0.04761904761904762
rice,entre_metodos,logistic_regression|fold5,shap-lime,0.04761904761904762
rice,entre_metodos,logistic_regression|fold5,shap-permutation,1.0
rice,entre_metodos,logistic_regression|fold5,lime-permutation,0.04761904761904762
rice,entre_metodos,logistic_regression|fold6,shap-lime,0.04761904761904762
rice,entre_metodos,logistic_regression|fold6,shap-permutation,1.0
rice,entre_metodos,logistic_regression|fold6,lime-permutation,0.04761904761904762
rice,entre_metodos,logistic_regression|fold7,shap-lime,-0.04761904761904762
rice,entre_metodos,logistic_regression|fold7,shap-permutation,1.0
rice,entre_metodos,logistic_regression|fold7,lime-permutation,-0.04761904761904762
rice,entre_metodos,logistic_regression|fold8,shap-lime,0.04761904761904762
rice,entre_metodos,logistic_regression|fold8,shap-permutation,0.9047619047619049
rice,entre_metodos,logistic_regression|fold8,lime-permutation,-0.04761904761904762
rice,entre_metodos,logistic_regression|fold9,shap-lime,0.04761904761904762
rice,entre_metodos,logistic_regression|fold9,shap-permutation,1.0
rice,entre_metodos,logistic_regression|fold9,lime-permutation,0.04761904761904762
rice,entre_modelos,shap|fold0,random_forest-gradient_boosting,0.6190476190476191
rice,entre_modelos,shap|fold0,random_forest-logistic_regression,0.4285714285714286
rice,entre_modelos,shap|fold0,gradient_boosting-logistic_regression,0.4285714285714286
rice,entre_modelos,shap|fold1,random_forest-gradient_boosting,0.6190476190476191
rice,entre_modelos,shap|fold1,random_forest-logistic_regression,0.33333333333333337
rice,entre_modelos,shap|fold1,gradient_boosting-logistic_regression,0.5238095238095238
rice,entre_modelos,shap|fold2,random_forest-gradient_boosting,0.8095238095238096
rice,entre_modelos,shap|fold2,random_forest-logistic_regression,0.33333333333333337
rice,entre_modelos,shap|fold2,gradient_boosting-logistic_regression,0.33333333333333337
rice,entre_modelos,shap|fold3,random_forest-gradient_boosting,0.7142857142857143
rice,entre_modelos,shap|fold3,random_forest-logistic_regression,0.4285714285714286
rice,entre_modelos,shap|fold3,gradient_boosting-logistic_regression,0.5238095238095238
rice,entre_modelos,shap|fold4,random_forest-gradient_boosting,0.7142857142857143
rice,entre_modelos,shap|fold4,random_forest-logistic_regression,0.33333333333333337
rice,entre_modelos,shap|fold4,gradient_boosting-logistic_regression,0.4285714285714286
rice,entre_modelos,shap|fold5,random_forest-gradient_boosting,0.4285714285714286
rice,entre_modelos,shap|fold5,random_forest-logistic_regression,0.33333333333333337
rice,entre_modelos,shap|fold5,gradient_boosting-logistic_regression,0.5238095238095238
rice,entre_modelos,shap|fold6,random_forest-gradient_boosting,0.9047619047619049
rice,entre_modelos,shap|fold6,random_forest-logistic_regression,0.4285714285714286
rice,entre_modelos,shap|fold6,gradient_boosting-logistic_regression,0.5238095238095238
rice,entre_modelos,shap|fold7,random_forest-gradient_boosting,0.7142857142857143
rice,entre_modelos,shap|fold7,random_forest-logistic_regression,0.23809523809523814
rice,entre_modelos,shap|fold7,gradient_boosting-logistic_regression,0.33333333333333337
rice,entre_modelos,shap|fold8,random_forest-gradient_boosting,0.7142857142857143
rice,entre_modelos,shap|fold8,random_forest-logistic_regression,0.33333333333333337
rice,entre_modelos,shap|fold8,gradient_boosting-logistic_regression,0.4285714285714286
rice,entre_modelos,shap|fold9,random_forest-gradient_boosting,0.9047619047619049
rice,entre_modelos,shap|fold9,random_forest-logistic_regression,0.33333333333333337
rice,entre_modelos,shap|fold9,gradient_boosting-logistic_regression,0.4285714285714286
rice,entre_modelos,lime|fold0,random_forest-gradient_boosting,0.9047619047619049
rice,entre_modelos,lime|fold0,random_forest-logistic_regression,0.6190476190476191
rice,entre_modelos,lime|fold0,gradient_boosting-logistic_regression,0.7142857142857143
rice,entre_modelos,lime|fold1,random_forest-gradient_boosting,0.9047619047619049
rice,entre_modelos,lime|fold1,random_forest-logistic_regression,0.5238095238095238
rice,entre_modelos,lime|fold1,gradient_boosting-logistic_regression,0.6190476190476191
rice,entre_modelos,lime|fold2,random_forest-gradient_boosting,0.9047619047619049
rice,entre_modelos,lime|fold2,random_forest-logistic_regression,0.5238095238095238
rice,entre_modelos,lime|fold2,gradient_boosting-logistic_regression,0.6190476190476191
rice,entre_modelos,lime|fold3,random_forest-gradient_boosting,0.9047619047619049
rice,entre_modelos,lime|fold3,random_forest-logistic_regression,0.6190476190476191
rice,entre_modelos,lime|fold3,gradient_boosting-logistic_regression,0.7142857142857143
rice,entre_modelos,lime|fold4,random_forest-gradient_boosting,1.0
rice,entre_modelos,lime|fold4,random_forest-logistic_regression,0.6190476190476191
rice,entre_modelos,lime|fold4,gradient_boosting-logistic_regression,0.6190476190476191
rice,entre_modelos,lime|fold5,random_forest-gradient_boosting,0.9047619047619049
rice,entre_modelos,lime|fold5,random_forest-logistic_regression,0.6190476190476191
rice,entre_modelos,lime|fold5,gradient_boosting-logistic_regression,0.7142857142857143
rice,entre_modelos,lime|fold6,random_forest-gradient_boosting,0.9047619047619049
rice,entre_modelos,lime|fold6,random_forest-logistic_regression,0.5238095238095238
rice,entre_modelos,lime|fold6,gradient_boosting-logistic_regression,0.6190476190476191
rice,entre_modelos,lime|fold7,random_forest-gradient_boosting,0.8095238095238096
rice,entre_modelos,lime|fold7,random_forest-logistic_regression,0.5238095238095238
rice,entre_modelos,lime|fold7,gradient_boosting-logistic_regression,0.5238095238095238
rice,entre_modelos,lime|fold8,random_forest-gradient_boosting,0.8095238095238096
rice,entre_modelos,lime|fold8,random_forest-logistic_regression,0.5238095238095238
rice,entre_modelos,lime|fold8,gradient_boosting-logistic_regression,0.5238095238095238
rice,entre_modelos,lime|fold9,random_forest-gradient_boosting,0.9047619047619049
rice,entre_modelos,lime|fold9,random_forest-logistic_regression,0.5238095238095238
rice,entre_modelos,lime|fold9,gradient_boosting-logistic_regression,0.6190476190476191
rice,entre_modelos,permutation|fold0,random_forest-gradient_boosting,0.9047619047619049
rice,entre_modelos,permutation|fold0,random_forest-logistic_regression,0.4285714285714286
rice,entre_modelos,permutation|fold0,gradient_boosting-logistic_regression,0.5238095238095238
rice,entre_modelos,permutation|fold1,random_forest-gradient_boosting,0.9047619047619049
rice,entre_modelos,permutation|fold1,random_forest-logistic_regression,0.4285714285714286
rice,entre_modelos,permutation|fold1,gradient_boosting-logistic_regression,0.33333333333333337
rice,entre_modelos,permutation|fold2,random_forest-gradient_boosting,0.8095238095238096
rice,entre_modelos,permutation|fold2,random_forest-logistic_regression,0.23809523809523814
rice,entre_modelos,permutation|fold2,gradient_boosting-logistic_regression,0.4285714285714286
rice,entre_modelos,permutation|fold3,random_forest-gradient_boosting,0.33333333333333337
rice,entre_modelos,permutation|fold3,random_forest-logistic_regression,0.23809523809523814
rice,entre_modelos,permutation|fold3,gradient_boosting-logistic_regression,0.5238095238095238
rice,entre_modelos,permutation|fold4,random_forest-gradient_boosting,0.8095238095238096
rice,entre_modelos,permutation|fold4,random_forest-logistic_regression,0.04761904761904762
rice,entre_modelos,permutation|fold4,gradient_boosting-logistic_regression,0.23809523809523814
rice,entre_modelos,permutation|fold5,random_forest-gradient_boosting,0.8095238095238096
rice,entre_modelos,permutation|fold5,random_forest-logistic_regression,0.33333333333333337
rice,entre_modelos,permutation|fold5,gradient_boosting-logistic_regression,0.5238095238095238
rice,entre_modelos,permutation|fold6,random_forest-gradient_boosting,0.7142857142857143
rice,entre_modelos,permutation|fold6,random_forest-logistic_regression,0.14285714285714288
rice,entre_modelos,permutation|fold6,gradient_boosting-logistic_regression,0.23809523809523814
rice,entre_modelos,permutation|fold7,random_forest-gradient_boosting,0.7142857142857143
rice,entre_modelos,permutation|fold7,random_forest-logistic_regression,0.33333333333333337
rice,entre_modelos,permutation|fold7,gradient_boosting-logistic_regression,0.04761904761904762
rice,entre_modelos,permutation|fold8,random_forest-gradient_boosting,0.6190476190476191
rice,entre_modelos,permutation|fold8,random_forest-logistic_regression,0.14285714285714288
rice,entre_modelos,permutation|fold8,gradient_boosting-logistic_regression,0.33333333333333337
rice,entre_modelos,permutation|fold9,random_forest-gradient_boosting,0.8095238095238096
rice,entre_modelos,permutation|fold9,random_forest-logistic_regression,0.4285714285714286
rice,entre_modelos,permutation|fold9,gradient_boosting-logistic_regression,0.4285714285714286
